Gender,Born year,EDU,Curloc,Residence,Job,平常在超商結帳時，你多半用什麼方式進行付款？,我都用這個：:平常在超商結帳時，你多半用什麼方式進行付款？,在百貨公司結帳時，你多半用什麼方式進行付款？,我都用這個：:在百貨公司結帳時，你多半用什麼方式進行付款？,Apple Pay:猜猜看，哪些是感應式支付、電子支付以及第三方支付呢？,Google Pay:猜猜看，哪些是感應式支付、電子支付以及第三方支付呢？,Line Pay:猜猜看，哪些是感應式支付、電子支付以及第三方支付呢？,街口支付:猜猜看，哪些是感應式支付、電子支付以及第三方支付呢？,你有使用過行動支付嗎？,是什麼原因讓你不使用行動支付呢?,我的情況是：:是什麼原因讓你不使用行動支付呢?,Apple Pay:你主要使用哪些行動支付平台？,Google Pay:你主要使用哪些行動支付平台？,台灣Pay:你主要使用哪些行動支付平台？,Pi錢包:你主要使用哪些行動支付平台？,歐付寶:你主要使用哪些行動支付平台？,街口支付:你主要使用哪些行動支付平台？,LINE Pay:你主要使用哪些行動支付平台？,支付寶:你主要使用哪些行動支付平台？,我使用的支付工具還有這個：:你主要使用哪些行動支付平台？,我使用的支付工具還有這個：:你主要使用哪些行動支付平台？,在使用習慣上，你會覺得現金還是行動支付比較好用？,我覺得是：:在使用習慣上，你會覺得現金還是行動支付比較好用？,你認為使用行動支付是更為方便還是更為麻煩？,我覺得是：:你認為使用行動支付是更為方便還是更為麻煩？,你認為使用行動支付是更為安全還是更為危險？,我覺得是：:你認為使用行動支付是更為安全還是更為危險？,「再也不用帶鈔票或信用卡出門，甚至只要帶手機就可完成日常中所有的交易行為。」乍聽之下像是科幻電影的情節，但經資料顯示，瑞典現今的現金交易僅占整體經濟的1%，甚至有許多小朋友表示從未看過鈔票。（圖片來源：https://reurl.cc/9ZDW5j）同樣的，若台灣仿效瑞典朝向「無現金社會」邁進，你會贊成嗎？,同意，我覺得是：:「再也不用帶鈔票或信用卡出門，甚至只要帶手機就可完成日常中所有的交易行為。」乍聽之下像是科幻電影的情節，但經資料顯示，瑞典現今的現金交易僅占整體經濟的1%，甚至有許多小朋友表示從未看過鈔票。（圖片來源：https://reurl.cc/9ZDW5j）同樣的，若台灣仿效瑞典朝向「無現金社會」邁進，你會贊成嗎？,不同意，我覺得是：:「再也不用帶鈔票或信用卡出門，甚至只要帶手機就可完成日常中所有的交易行為。」乍聽之下像是科幻電影的情節，但經資料顯示，瑞典現今的現金交易僅占整體經濟的1%，甚至有許多小朋友表示從未看過鈔票。（圖片來源：https://reurl.cc/9ZDW5j）同樣的，若台灣仿效瑞典朝向「無現金社會」邁進，你會贊成嗎？,同樣發生在瑞典，在無現金的社會下，早在2009年起，就有四千人選擇在身體植入NFC晶片，只要伸出手來，就可以在商店購物、或乘坐大眾運輸時感應使用。（圖片來源：https://reurl.cc/DvjAl6）看完這則新聞，你對這4000人的想法是什麼？,我的想法是：:同樣發生在瑞典，在無現金的社會下，早在2009年起，就有四千人選擇在身體植入NFC晶片，只要伸出手來，就可以在商店購物、或乘坐大眾運輸時感應使用。（圖片來源：https://reurl.cc/DvjAl6）看完這則新聞，你對這4000人的想法是什麼？,換作是你，你會願意選擇施打晶片嗎？,會，我的原因是：:換作是你，你會願意選擇施打晶片嗎？,不會，我的原因是：:換作是你，你會願意選擇施打晶片嗎？,如果台灣同樣開放施打「電子化晶片」的政策，你覺得民眾是否會買單？,我的想法是：:如果台灣同樣開放施打「電子化晶片」的政策，你覺得民眾是否會買單？,「隨著疫情的爆發，為避免透過鈔票與他人直接接觸，更多人願意加入行動支付的行列。」你同意這個判斷嗎？,同意，我覺得是：:「隨著疫情的爆發，為避免透過鈔票與他人直接接觸，更多人願意加入行動支付的行列。」你同意這個判斷嗎？,不同意，我覺得是：:「隨著疫情的爆發，為避免透過鈔票與他人直接接觸，更多人願意加入行動支付的行列。」你同意這個判斷嗎？,你認為行動支付會成為未來趨勢，還是曇花一現呢？,我的想法是：:你認為行動支付會成為未來趨勢，還是曇花一現呢？,問卷結束囉！科技的發展日新月異，不出幾年就會出現我們未曾想過的發明（例如：虛擬實境、大數據、行動支付⋯⋯等），在驚呼的同時，人們也會對未知的事物保持疑慮。（圖片來源：https://reurl.cc/GdNVXx）對於新發明的誕生，你會選擇擁抱科技還是會適時觀望呢？歡迎寫下你的想法。（如果沒有的話，請按下一頁，開始驗證流程囉！）
1,1994,5,19,18,T,2,,5,,2,3,3,3,1,,,,,,,,6,7,,,,3,,2,,4,,2,,,4,,4,,,4,,2,,,1,,
0,1981,5,7,7,O,4,,2,,3,3,3,4,1,,,1,,,,,,,,,,1,,4,,3,,5,,,3,,3,,,3,,2,,,2,,
1,1988,5,12,12,M,4,,5,,1,1,2,2,1,,,,2,,,,6,7,,,,3,,1,,3,,2,,,95,,4,,,4,,5,,,2,,
0,1970,4,2,2,S,1,,5,,1,1,2,2,2,3,,,,,,,,,,,,,,3,,4,,1,,,90,科技進步,4,,,3,,2,,,2,,
0,1976,6,2,2,S,4,,95,,4,3,4,4,1,,,,2,,,,,,,,,5,,4,,3,,5,,,95,,4,,,3,,1,,,2,,
0,1986,5,4,4,O,1,,5,,2,2,3,3,1,,,,,,,,6,7,,,,3,,2,,3,,1,,,1,,3,,,3,,1,,,2,,
1,1976,5,2,2,C,2,,5,,2,2,2,2,1,,,,,,,,,7,,,,3,,2,,1,,4,,,3,,4,,,2,,4,,,2,,
1,1957,4,2,2,M,1,,5,,2,2,1,1,1,,,,,3,,,,7,8,,,5,,4,,3,,5,,,3,,4,,,4,,5,,,4,,
0,1983,5,14,14,M,1,,5,,2,2,2,3,1,,,,,,,,,7,,,,3,,1,,1,,2,,,2,,3,,,3,,1,,,1,,
1,1979,6,14,14,S,2,,5,,2,2,3,3,2,5,,,,,,,,,,,,,,1,,2,,1,,,2,,1,,,2,,2,,,3,,
0,1985,5,1,1,M,4,,5,,1,1,3,3,1,,,,,,,,6,,,,,3,,1,,1,,5,,,1,,5,,怕過敏,2,,1,,,1,,
0,1987,5,1,1,S,4,,6,,1,1,3,3,1,,,,,,,,6,7,,,,3,,1,,3,,1,,,4,,4,,,3,,2,,,1,,
1,1988,6,1,13,S,1,,95,,4,4,4,4,2,1,,,,,,,,,,,,,,3,,3,,4,,,3,,4,,,4,,4,,,5,,
1,1976,6,1,1,Q,1,,95,,2,2,3,3,1,,,,,,,,,7,,,,91,,2,,4,,5,,,1,,1,,,3,,1,,,3,,
0,1981,3,8,8,U,1,,95,,4,4,4,4,1,,,,,,,,,7,,,,5,,2,,1,,1,,,1,,1,,,3,,1,,,2,,
0,1990,5,15,15,S,1,,5,,1,3,3,3,2,3,,,,,,,,,,,,,,4,,4,,5,,,1,,3,,,2,,2,,,1,,
0,1968,3,19,19,U,1,,95,,2,2,2,2,2,2,,,,,,,,,,,,,,3,,3,,4,,,4,,5,,危險,3,,4,,,2,,
0,1981,3,2,4,Q,1,,5,,3,2,2,3,1,,,,,,,,6,,,,,1,,1,,2,,1,,,3,,3,,,3,,2,,,2,,
1,1983,5,8,8,S,3,,5,,1,1,2,2,1,,,,,3,,,,7,,,,3,,2,,3,,1,,,1,,4,,,4,,2,,,2,,
1,1966,4,11,11,M,4,,6,,1,1,1,1,1,,,1,,,,,6,7,,,,3,,2,,1,,1,,,1,,3,,,3,,1,,,2,,
0,1997,5,4,4,S,5,,95,,1,1,2,3,1,,,,,3,,,6,7,,,,3,,1,,2,,1,,,3,,4,,,3,,2,,,1,,
1,1988,6,15,21,V,1,,5,,1,1,1,3,1,,,,,3,,,6,,8,,,3,,2,,2,,1,,,1,,5,,擔心健康問題,3,,1,,,2,,
0,1994,3,8,8,U,1,,95,,3,3,3,3,2,1,,,,,,,,,,,,,,1,,4,,1,,,95,,4,,,4,,1,,,5,,
0,1996,3,4,4,S,1,,5,,2,2,2,2,1,,,,,,,,,7,,,,3,,1,,3,,1,,,95,,4,,,4,,2,,,2,,
0,1997,6,14,21,T,1,,1,,2,2,3,3,2,2,,,,,,,,,,,,,,4,,4,,4,,,1,,4,,,3,,1,,,2,,
0,1991,3,2,2,U,4,,1,,2,3,2,2,1,,,,,3,,,6,,,,,3,,1,,1,,1,,,1,,1,,,1,,1,,,1,,
1,1977,6,14,14,M,4,,1,,3,3,3,3,1,,,,,,,,,7,,,,3,,2,,2,,2,,,1,,4,,,3,,1,,,1,,
1,1972,6,5,5,U,2,,5,,2,2,2,2,1,,,,,3,,,,7,,,,4,,1,,1,,1,,,1,,3,,,3,,2,,,2,,
1,1982,5,15,15,Q,1,,5,,2,3,3,2,1,,,1,,3,4,,6,7,,,,3,,2,,1,,1,,,2,,3,,,3,,2,,,1,,
0,1997,5,2,2,T,2,,5,,1,2,3,3,1,,,,,,,,,7,,,,3,,1,,1,,1,,,1,,4,,,3,,2,,,1,,
0,1999,5,4,20,T,2,,5,,1,1,1,2,1,,,1,,3,,,,,,,,3,,1,,3,,1,,,4,,4,,,3,,2,,,2,,
1,1985,5,8,8,M,1,,1,,4,4,4,4,1,,,,,,,,,7,,,,5,,3,,3,,1,,,2,,3,,,3,,2,,,2,,
0,1982,5,2,2,F,1,,5,,2,2,2,3,1,,,,,,,,,7,,,,1,,2,,2,,1,,,2,,1,,,2,,1,,,2,,
1,1979,6,4,4,M,1,,1,,1,1,1,1,2,5,,,,,,,,,,,,,,2,,3,,4,,,4,,4,,,4,,2,,,4,,
0,1971,4,2,2,S,1,,95,,4,4,4,4,2,1,,,,,,,,,,,,,,1,,3,,5,,,1,,4,,,2,,1,,,2,,
0,1979,3,2,2,K,1,,5,,2,2,2,2,1,,,,,3,,,6,,,,,1,,2,,2,,1,,,3,,3,,,4,,1,,,1,,
1,1978,4,2,2,C,2,,2,,2,3,2,2,1,,,,,3,,,,,,,,3,,1,,2,,5,,,4,,3,,,3,,2,,,2,,
1,1964,4,9,9,C,5,,5,,4,4,4,4,2,4,,,,,,,,,,,,,,3,,3,,4,,,3,,3,,,2,,1,,,5,,
1,1972,5,1,1,V,2,,95,,1,1,3,2,1,,,,2,,,,6,7,,,,3,,1,,1,,1,,,4,,4,,,4,,2,,,2,,
1,1980,5,6,6,S,2,,5,,3,3,3,3,2,5,,,,,,,,,,,,,,2,,1,,1,,,2,,1,,,2,,1,,,2,,
0,1995,5,15,14,H,1,,5,,1,1,1,1,2,1,,,,,,,,,,,,,,2,,2,,4,,,3,,3,,,2,,2,,,2,,
1,1970,5,15,15,S,4,,5,,1,1,1,1,1,,,,,3,,,,7,,,,91,,2,,1,,2,,,3,,4,,,3,,1,,,1,,
0,1979,5,15,15,H,4,,5,,1,1,2,3,1,,,,,,,,,7,,,,3,,1,,90,一半一半,1,,,1,,5,,怕痛,3,,2,,,1,,
1,1987,5,14,14,C,1,,5,,2,2,2,2,1,,,,,,,,,7,,,,2,,2,,3,,1,,,2,,3,,,2,,1,,,1,,
0,1996,5,3,3,R,2,,5,,1,2,3,3,1,,,1,,,,,,,,,,5,,2,,3,,5,,,1,,4,,,3,,1,,,3,,
0,1979,4,19,19,U,1,,5,,4,4,4,4,2,4,,,,,,,,,,,,,,4,,3,,4,,,3,,4,,,3,,2,,,5,,
1,1969,3,14,15,I,1,,5,,2,3,3,3,2,1,,,,,,,,,,,,,,4,,3,,1,,,3,,4,,,3,,1,,,5,,
0,1969,3,14,14,H,1,,5,,2,2,2,2,2,2,,,,,,,,,,,,,,3,,3,,4,,,3,,3,,,3,,4,,,3,,
1,1991,5,14,14,V,3,,5,,3,3,3,3,1,,,,,,,,,7,,,,3,,2,,2,,4,,,95,,4,,,3,,1,,,1,,
1,1981,6,4,4,S,2,,5,,1,1,3,3,1,,,,2,3,4,,6,7,,,,3,,1,,1,,1,,,3,,4,,,3,,2,,,1,,
1,1969,1,14,14,H,1,,5,,2,2,2,2,2,3,,,,,,,,,,,,,,3,,3,,4,,,3,,3,,,3,,4,,,3,,
0,1971,2,8,8,H,2,,95,,3,3,3,3,2,2,,,,,,,,,,,,,,3,,4,,4,,,95,,4,,,3,,4,,,5,,
0,1992,5,2,2,M,4,,2,,1,4,3,3,1,,,,,,,,,7,,,,3,,1,,2,,1,,,3,,4,,,3,,1,,,2,,
1,1994,5,14,14,F,1,,5,,2,2,2,2,2,2,,,,,,,,,,,,,,3,,3,,4,,,3,,3,,,3,,4,,,3,,
0,1988,5,15,15,C,1,,1,,3,3,3,4,1,,,,,,,,,7,,,,5,,1,,3,,1,,,3,,3,,,3,,1,,,2,,
1,1985,6,2,1,M,2,,5,,1,1,2,2,2,3,,,,,,,,,,,,,,1,,3,,5,,,1,,4,,,3,,1,,,1,,
0,1990,5,2,1,Q,5,,5,,4,4,4,4,1,,,,,,,,,,8,,,2,,2,,3,,4,,,4,,3,,,3,,4,,,3,,
0,1981,4,1,1,F,1,,5,,2,2,2,3,2,4,,,,,,,,,,,,,,1,,90,安全吧!不是搶劫的問題,1,,,2,,3,,,3,,1,,,2,,
1,1960,5,8,8,M,1,,5,,1,1,1,3,1,,,,,,,,,7,,,,3,,2,,3,,2,,,3,,4,,,4,,2,,,2,,
0,1995,5,14,14,H,1,,5,,2,2,2,2,2,3,,,,,,,,,,,,,,3,,3,,4,,,3,,3,,,3,,4,,,3,,
1,1998,5,5,12,T,4,,95,,2,2,3,3,1,,,1,,,,,,7,,,,4,,1,,2,,2,,,1,,4,,,3,,2,,,1,,
1,1981,5,8,8,C,2,,5,,2,3,3,3,1,,,1,,3,,,,,,,,3,,1,,1,,5,,,4,,4,,,3,,2,,,1,,順勢而上 終究是要學會與習慣
1,1975,5,3,3,W,2,,95,,4,4,3,2,1,,,,,3,,,6,7,,,,5,,1,,1,,1,,,4,,4,,,3,,2,,,2,,
1,1992,5,1,1,T,2,,5,,1,1,3,3,1,,,,,3,,,,7,,,,3,,1,,2,,2,,,2,,1,,,2,,2,,,2,,
1,1983,4,15,15,O,95,,95,,2,2,3,2,1,,,,,,,,,,,90,家樂福pay、中油pay,3,,2,,2,,5,,,3,,4,,,4,,1,,,5,,
1,1963,5,4,4,L,1,,5,,4,4,4,4,2,1,,,,,,,,,,,,,,1,,3,,1,,,1,,3,,,3,,1,,,2,,
1,1987,5,2,2,C,5,,5,,3,3,3,3,1,,,,,,,,,7,,,,3,,1,,1,,1,,,1,,3,,,3,,1,,,2,,當然是擁抱科技，就像無人駕駛汽車一樣。
0,1992,6,15,15,O,4,,5,,4,4,4,2,1,,,,,,4,,6,7,,,,5,,2,,3,,5,,,1,,4,,,3,,4,,,3,,
1,1973,4,12,13,V,1,,2,,2,3,3,1,2,1,,,,,,,,,,,,,,1,,3,,1,,,1,,3,,,4,,1,,,1,,
1,1982,5,14,14,M,1,,1,,4,4,4,4,2,1,,,,,,,,,,,,,,4,,4,,5,,,3,,4,,,4,,5,,,4,,
0,1969,3,2,2,U,1,,5,,1,3,3,3,2,4,,,,,,,,,,,,,,1,,3,,1,,,1,,3,,,4,,2,,,2,,
1,1989,5,9,9,S,4,,6,,1,1,3,3,1,,,,2,,,,6,7,,,,3,,1,,1,,1,,,1,,3,,,3,,2,,,2,,
0,1981,5,8,8,S,1,,5,,4,4,4,4,2,1,,,,,,,,,,,,,,1,,3,,1,,,4,,4,,,2,,1,,,2,,
0,1992,5,14,14,S,1,,95,,2,2,2,3,2,2,,,,,,,,,,,,,,3,,3,,5,,,95,,4,,,3,,5,,,1,,
0,1992,3,4,4,V,2,,5,,3,3,3,2,1,,,,,,,,,7,,,,3,,1,,1,,5,,,3,,4,,,3,,2,,,1,,
0,1995,6,1,1,Q,5,,5,,4,4,4,4,1,,,,,,,,6,7,,,,4,,1,,3,,2,,,3,,3,,,3,,2,,,2,,
0,1987,5,2,2,M,5,,1,,3,3,3,3,2,2,,,,,,,,,,,,,,1,,3,,5,,,1,,3,,,3,,2,,,2,,
0,1968,3,15,15,U,1,,1,,3,3,3,3,1,,,,,,,,,,,90,一卡通,5,,2,,2,,5,,,95,,4,,,3,,1,,,1,,
0,1983,5,14,14,C,5,,5,,3,3,3,3,1,,,,,,,,,7,,,,4,,1,,3,,1,,,95,,4,,,3,,1,,,1,,
1,1981,6,15,15,Q,1,,2,,1,1,2,2,1,,,,,,,,6,,,,,5,,4,,2,,1,,,1,,4,,,3,,4,,,2,,
0,1940,3,2,1,W,2,,2,,1,1,3,3,1,,,,,,,,6,7,,,,3,,2,,2,,1,,,1,,4,,,4,,1,,,1,,
0,1995,5,8,11,H,1,,5,,3,4,4,4,2,2,,,,,,,,,,,,,,3,,3,,2,,,2,,1,,,2,,2,,,3,,
0,1988,6,2,2,M,4,,5,,1,4,3,3,1,,,,,3,,,,7,,,,3,,1,,1,,1,,,1,,4,,,3,,2,,,1,,
0,1995,5,1,1,T,1,,5,,3,3,3,3,1,,,,,3,,,6,7,,,,3,,1,,3,,1,,,1,,4,,,3,,1,,,1,,
1,1989,5,4,1,S,3,,5,,3,3,3,2,1,,,,,,,,,,,90,Samsung pay,3,,1,,1,,1,,,2,,1,,,3,,1,,,2,,
0,1989,5,2,2,S,3,,5,,2,2,2,2,1,,,,,3,,,,7,,,,1,,1,,3,,4,,,4,,4,,,4,,4,,,4,,
1,1968,3,2,2,W,1,,5,,4,4,4,4,2,5,,,,,,,,,,,,,,3,,3,,1,,,1,,3,,,3,,1,,,3,,
0,1993,6,1,10,T,1,,5,,1,4,1,3,1,,,1,,,,,,7,,,,1,,2,,3,,1,,,2,,1,,,2,,1,,,5,,
1,1962,6,1,1,F,2,,5,,3,3,3,2,1,,,,,3,,,,,,,,4,,2,,1,,1,,,4,,4,,,4,,2,,,1,,擁抱科技
0,1970,5,1,1,S,4,,5,,4,4,4,4,2,90,怕手機沒電,,,,,,,,,,,,,4,,3,,4,,,4,,5,,怕有後遺症,3,,5,,,2,,
0,1979,5,2,5,S,2,,5,,2,2,2,2,1,,,,,,,,,7,,,,3,,1,,2,,1,,,3,,4,,,3,,1,,,1,,
1,1974,6,8,8,S,2,,5,,3,3,3,3,2,3,,,,,,,,,,,,,,2,,2,,4,,,4,,4,,,4,,2,,,3,,
0,1997,5,15,15,C,4,,6,,1,2,2,2,1,,,1,,,,,,7,,,,3,,1,,2,,2,,,3,,3,,,3,,2,,,1,,
0,1994,5,15,15,T,1,,1,,2,2,2,2,2,4,,,,,,,,,,,,,,3,,3,,4,,,1,,4,,,4,,4,,,5,,
1,1993,5,2,2,M,1,,1,,3,3,2,2,1,,,,,,,,6,7,,,,1,,1,,2,,1,,,1,,1,,,2,,1,,,1,,
0,1970,5,24,24,S,4,,6,,1,1,2,2,1,,,1,,,,,6,7,,,,3,,1,,2,,5,,,2,,3,,,3,,2,,,1,,
1,1976,6,4,4,C,3,,6,,1,1,2,2,1,,,1,,,,,6,7,,,,3,,1,,1,,1,,,3,,1,,,1,,2,,,2,,
1,1965,5,8,8,S,3,,5,,3,3,3,3,2,1,,,,,,,,,,,,,,4,,4,,1,,,1,,1,,,3,,4,,,3,,
0,1971,4,14,14,A,2,,5,,1,2,1,2,2,1,,,,,,,,,,,,,,3,,3,,1,,,3,,3,,,2,,4,,,2,,
1,1983,5,8,8,S,3,,95,,4,4,4,4,1,,,,2,,,,,,,,,5,,1,,3,,1,,,2,,1,,,3,,2,,,4,,
1,1970,5,10,10,M,2,,5,,1,2,2,2,1,,,,,3,,,,7,,,,5,,1,,1,,5,,,2,,3,,,3,,1,,,1,,
1,1985,6,2,2,M,2,,5,,1,1,2,2,1,,,,,,,,6,7,,,,5,,1,,3,,1,,,1,,4,,,3,,2,,,2,,
1,2000,5,15,15,T,1,,1,,1,2,2,3,2,6,,,,,,,,,,,,,,1,,1,,1,,,1,,4,,,2,,1,,,2,,
0,1980,4,2,1,S,1,,5,,4,4,2,2,1,,,,,,,,,7,,,,5,,1,,2,,4,,,3,,4,,,3,,4,,,5,,
1,1986,5,15,15,M,5,,5,,2,2,2,2,1,,,,,3,,,6,7,,,,4,,2,,2,,2,,,1,,3,,,3,,2,,,1,,
0,1972,6,4,4,C,3,,4,,1,1,2,2,1,,,,,,,,6,7,,,,3,,2,,2,,2,,,3,,3,,,2,,2,,,2,,
1,1981,5,15,15,I,2,,5,,1,1,2,2,1,,,1,,3,,,6,7,,,,3,,1,,1,,1,,,3,,3,,,3,,1,,,1,,
1,1973,5,2,2,S,2,,5,,2,2,2,2,1,,,,,3,,,,,,,,3,,1,,3,,1,,,1,,3,,,2,,2,,,2,,
1,1990,5,4,4,V,4,,95,,1,1,2,3,1,,,1,,,,,,7,,90,超商PAY,3,,1,,1,,5,,,95,,4,,,4,,2,,,2,,
1,2006,2,4,4,T,4,,6,,1,1,2,2,1,,,,,,,,6,7,,,,3,,2,,2,,2,,,4,,1,,,2,,2,,,2,,
0,1995,6,2,4,M,3,,5,,3,3,3,3,1,,,1,,,,,6,,,,,3,,1,,1,,1,,,1,,3,,,4,,1,,,2,,
0,1982,6,15,15,A,4,,5,,2,2,2,3,1,,,,,3,,,,7,,,,5,,2,,3,,5,,,1,,4,,,4,,1,,,1,,
0,1990,6,4,14,M,1,,5,,3,3,3,3,1,,,,,,,,,7,,,,5,,1,,3,,5,,,2,,3,,,3,,1,,,4,,
1,1989,6,11,11,S,1,,1,,1,1,1,2,1,,,,,,,,,,,90,PXpay,5,,2,,2,,1,,,1,,4,,,4,,2,,,2,,無
0,1991,5,15,15,M,5,,5,,4,4,2,4,1,,,,,,,,,7,,,,4,,2,,3,,2,,,3,,4,,,3,,2,,,1,,
0,1992,5,14,14,M,4,,5,,1,4,2,2,1,,,,,,,,,7,,,,3,,1,,2,,1,,,3,,4,,,3,,2,,,2,,
1,1981,5,4,4,S,5,,1,,4,4,4,4,2,1,,,,,,,,,,,,,,4,,4,,5,,,95,,4,,,4,,5,,,5,,
0,2013,1,4,4,T,3,,5,,1,1,2,2,1,,,,,,,5,,,,,,2,,2,,2,,1,,,3,,1,,,2,,1,,,2,,
1,1994,6,16,16,Q,1,,5,,1,1,3,3,2,2,,,,,,,,,,,,,,2,,3,,5,,,95,,4,,,2,,4,,,5,,
0,1990,5,4,4,Q,1,,95,,4,4,4,3,2,6,,,,,,,,,,,,,,3,,4,,5,,,95,,4,,,3,,4,,,5,,
0,1987,5,7,7,M,95,,95,,2,2,2,2,1,,,1,,,,,,7,,,,3,,1,,1,,1,,,2,,3,,,2,,1,,,2,,
1,1978,5,1,1,S,3,,5,,1,1,2,2,1,,,1,,,,,,,,,,3,,1,,1,,1,,,1,,4,,,3,,4,,,2,,
0,1978,5,4,4,S,2,,5,,3,2,1,3,1,,,,,,,,,7,,,,5,,2,,1,,1,,,3,,3,,,1,,1,,,1,,
1,1982,3,13,13,V,1,,1,,3,3,3,3,2,90,戶口沒錢,,,,,,,,,,,,,2,,4,,5,,,1,,4,,,2,,2,,,3,,
0,1984,6,15,15,P,5,,5,,1,2,3,3,1,,,,,3,,,6,7,,,,5,,90,更為麻煩，要看選哪個優惠比較多,1,,5,,,2,,3,,,2,,2,,,1,,慢慢的擁抱科技
1,1997,5,14,14,S,1,,1,,3,3,2,2,2,3,,,,,,,,,,,,,,2,,3,,2,,,1,,3,,,2,,2,,,2,,
1,1995,3,9,9,T,1,,1,,2,2,2,2,2,1,,,,,,,,,,,,,,2,,4,,4,,,3,,4,,,4,,4,,,3,,
0,1985,5,8,8,S,1,,5,,2,2,2,2,1,,,,,3,,,,7,,,,91,,1,,4,,1,,,3,,4,,,2,,2,,,2,,
0,1999,5,1,1,T,4,,6,,1,1,2,2,1,,,,,,,,6,7,,,,3,,1,,1,,1,,,2,,3,,,3,,2,,,1,,
1,1997,5,11,11,T,1,,1,,4,2,2,4,1,,,,2,,,,,,,,,1,,4,,3,,1,,,1,,1,,,1,,1,,,1,,
0,1992,5,16,16,P,4,,6,,1,4,2,3,1,,,1,,,4,,6,7,,,,3,,1,,3,,1,,,2,,3,,,3,,2,,,5,,新科技的出現更人的生活更加便利，但配套措施及部員改變的族群仍有阻力存在，希望能夠看到台灣持續進步。未來期望能有電子支付相關法規制定，並統一整合管道，各家廠商都擁有自己的支付方式反而成為支付濫觴。
0,1984,5,14,14,V,90,領貨用現金，極少數購物用商品卡,95,,4,4,4,4,2,1,,,,,,,,,,,,,,1,,3,,5,,,1,,3,,,2,,2,,,5,,
0,1979,3,2,2,U,1,,95,,4,4,4,4,2,3,,,,,,,,,,,,,,4,,4,,5,,,95,,4,,,4,,2,,,3,,
0,1984,3,2,2,C,1,,1,,3,3,3,3,2,3,,,,,,,,,,,,,,4,,3,,4,,,3,,4,,,4,,4,,,3,,
0,1989,5,13,13,S,1,,1,,2,2,2,3,1,,,,,,,,,7,,,,1,,4,,4,,4,,,95,,4,,,4,,2,,,5,,
0,1998,2,14,15,T,1,,1,,3,3,3,3,2,1,,,,,,,,,,,,,,4,,3,,5,,,4,,4,,,3,,5,,,4,,
0,1986,5,15,15,L,3,,5,,1,3,2,1,1,,,,,,,,,7,,,,3,,2,,3,,2,,,3,,4,,,3,,2,,,4,,
1,1984,5,9,8,Q,4,,5,,2,2,2,2,1,,,,,,,,,7,,,,3,,1,,1,,5,,,4,,4,,,4,,2,,,1,,
0,1963,4,8,8,U,3,,5,,4,4,1,4,1,,,,,,,,,7,,,,3,,1,,1,,1,,,90,侵入性醫療要慎重,4,,,3,,1,,,2,,
0,1973,4,2,1,S,2,,1,,2,4,3,2,1,,,,,,,,,7,,,,1,,2,,2,,5,,,3,,4,,,4,,2,,,2,,
0,1969,3,8,8,U,1,,1,,4,4,4,4,1,,,,,,,,,7,,,,91,,1,,1,,1,,,1,,1,,,3,,1,,,2,,
0,1963,4,2,2,I,1,,5,,2,2,2,3,2,1,,,,,,,,,,,,,,1,,4,,1,,,1,,4,,,3,,1,,,2,,
0,1988,6,2,2,J,1,,5,,2,3,2,2,1,,,,2,3,,,,7,,,,3,,2,,3,,1,,,1,,3,,,2,,1,,,1,,
0,1975,4,16,16,U,5,,95,,4,3,3,3,2,3,,,,,,,,,,,,,,1,,1,,4,,,2,,4,,,3,,2,,,2,,
0,1986,5,1,2,S,4,,5,,1,1,2,2,1,,,,,,,,6,7,,,,3,,1,,1,,1,,,1,,3,,,4,,1,,,2,,
0,1989,5,6,6,T,1,,1,,4,4,4,4,2,3,,,,,,,,,,,,,,4,,4,,5,,,3,,4,,,4,,5,,,5,,
0,1990,6,4,11,C,1,,5,,2,2,2,2,1,,,,,,4,,,7,,,,5,,4,,3,,1,,,3,,4,,,3,,2,,,2,,
0,1988,5,15,15,S,95,,5,,2,4,2,4,1,,,,,,,,,7,,,,5,,1,,3,,5,,,3,,4,,,3,,1,,,5,,
0,1996,5,15,15,T,1,,5,,1,2,2,2,1,,,,,3,,,,,,,,1,,1,,2,,1,,,3,,4,,,3,,2,,,2,,
0,1992,5,6,6,T,1,,95,,4,4,4,4,2,1,,,,,,,,,,,,,,4,,4,,5,,,3,,4,,,4,,4,,,5,,
0,1981,5,15,15,M,4,,6,,1,3,3,3,1,,,1,,,,,,7,,,,3,,2,,4,,1,,,1,,3,,,3,,2,,,2,,擁抱科技的同時，也害怕有天會回不去，當有天只能仰賴原始的時候，又該怎麼辦呢?
1,1980,5,16,16,V,1,,1,,2,3,2,3,1,,,,,,,,,7,,,,5,,1,,2,,5,,,3,,5,,怕有副作用,4,,1,,,5,,
0,1988,5,12,15,S,4,,5,,1,1,2,2,1,,,,,,,,,7,,,,4,,1,,1,,1,,,1,,5,,侵入性，盡可能避免,3,,2,,,90,是趨勢，但是需要被整合才能更好。例如：以前悠遊卡和一卡通無法跨區域使用，現在可以了,
1,1970,5,24,24,S,3,,5,,3,3,3,3,2,1,,,,,,,,,,,,,,4,,4,,5,,,4,,4,,,4,,2,,,2,,紙鈔沒用了
0,1955,1,6,6,U,95,,95,,4,4,4,4,2,6,,,,,,,,,,,,,,3,,4,,5,,,3,,4,,,4,,4,,,5,,
0,1971,5,4,2,U,1,,1,,2,2,2,2,1,,,,,,,,,7,,,,5,,1,,4,,1,,,90,目前沒這個必要吧，只是想刷存在感或是想當網紅,4,,,4,,1,,,1,,
0,1984,5,2,2,S,1,,5,,3,3,3,3,1,,,1,,,,,,7,,,,1,,1,,3,,1,,,95,,3,,,3,,2,,,1,,
1,1955,3,6,6,S,1,,1,,4,4,4,4,2,3,,,,,,,,,,,,,,4,,4,,5,,,3,,4,,,4,,4,,,5,,
0,1987,5,14,14,M,1,,95,,4,4,4,4,2,1,,,,,,,,,,,,,,4,,3,,5,,,1,,4,,,3,,1,,,5,,
1,1995,5,15,15,I,1,,5,,2,2,3,2,1,,,1,2,,,,,7,,,,5,,2,,1,,5,,,3,,3,,,3,,2,,,5,,
1,1984,6,2,2,S,1,,1,,4,4,4,4,1,,,,,,,,,7,,,,1,,2,,3,,5,,,1,,4,,,4,,4,,,5,,
0,1980,5,15,15,H,1,,1,,1,2,3,3,2,3,,,,,,,,,,,,,,90,不想先投入現金,3,,1,,,4,,4,,,3,,2,,,2,,
1,1988,5,8,8,C,4,,6,,1,1,2,2,1,,,,,,4,,6,7,,,,3,,2,,2,,1,,,1,,3,,,3,,2,,,1,,
0,1989,5,2,4,F,2,,5,,1,1,1,1,2,3,,,,,,,,,,,,,,4,,4,,5,,,4,,5,,有點太前衛了,2,,2,,,3,,
1,1962,6,8,8,M,3,,5,,3,3,3,3,1,,,,,,,,,7,,,,3,,1,,1,,1,,,1,,4,,,3,,1,,,1,,
1,1980,6,15,2,M,2,,6,,3,3,2,2,1,,,,,,,,6,7,,,,3,,1,,1,,1,,,1,,1,,,4,,1,,,1,,怎麼還沒有刷臉支付？大陸都用好幾年了
0,1992,5,8,8,M,95,,95,,1,1,3,2,1,,,,,3,,,6,7,,,,4,,2,,3,,5,,,2,,4,,,4,,2,,,5,,
1,1972,6,8,8,O,2,,5,,2,3,1,4,2,1,,,,,,,,,,,,,,4,,4,,5,,,4,,4,,,3,,4,,,5,,
0,1968,5,1,1,M,1,,5,,2,2,2,2,2,1,,,,,,,,,,,,,,4,,3,,1,,,3,,3,,,3,,4,,,2,,
0,1979,5,1,1,U,4,,6,,2,4,2,2,1,,,,,3,,,6,7,,,,3,,1,,1,,1,,,3,,4,,,4,,1,,,2,,
1,1998,5,2,2,S,4,,5,,1,1,3,2,1,,,,,,,,,7,,,,3,,1,,2,,1,,,1,,3,,,3,,2,,,1,,
0,1995,6,8,8,T,3,,5,,3,3,3,2,1,,,,,,,,,7,,,,3,,1,,1,,1,,,3,,4,,,3,,1,,,5,,
0,1985,5,15,15,C,1,,95,,4,4,4,4,2,1,,,,,,,,,,,,,,4,,3,,5,,,1,,4,,,3,,1,,,1,,
0,1963,5,8,8,W,1,,5,,2,2,2,2,2,1,,,,,,,,,,,,,,1,,4,,5,,,1,,4,,,3,,2,,,2,,
0,1972,5,14,14,V,3,,5,,1,1,1,1,1,,,,,3,4,,,,,,,3,,1,,4,,2,,,1,,4,,,3,,2,,,1,,
0,1989,5,8,14,S,4,,5,,2,2,2,3,1,,,1,,3,,,6,7,,,,3,,1,,1,,2,,,3,,3,,,3,,1,,,1,,
0,1986,5,4,4,S,1,,1,,1,1,1,1,1,,,1,2,3,,,,,,,,1,,1,,1,,1,,,1,,1,,,1,,1,,,1,,
0,1989,5,14,14,M,1,,1,,3,3,2,3,1,,,,,,,,,7,,,,1,,1,,4,,5,,,1,,4,,,3,,2,,,1,,
1,1999,5,13,19,T,3,,95,,2,2,3,3,1,,,1,,,,,,,,,,3,,1,,3,,1,,,2,,1,,,3,,2,,,5,,
0,1983,6,2,8,Q,3,,95,,4,4,4,4,2,2,,,,,,,,,,,,,,2,,3,,5,,,3,,3,,,3,,1,,,3,,
1,1976,4,2,2,M,2,,5,,2,2,2,2,1,,,,,,,,6,,,,,2,,2,,2,,2,,,3,,3,,,3,,2,,,2,,
0,1962,5,14,14,S,2,,5,,2,2,2,2,2,1,,,,,,,,,,,,,,2,,4,,1,,,1,,4,,,3,,2,,,2,,
1,1978,5,8,8,Q,1,,5,,4,4,4,4,2,2,,,,,,,,,,,,,,4,,3,,4,,,1,,4,,,4,,5,,,5,,
0,1981,6,8,8,P,2,,5,,3,3,3,3,2,1,,,,,,,,,,,,,,4,,3,,5,,,4,,4,,,4,,5,,,4,,
0,1965,3,2,2,S,3,,5,,4,4,3,2,2,90,怕手機掉了,,,,,,,,,,,,,2,,90,見人見智,4,,,90,萬一機器故障不能刷晶片時怎麼辦,5,,不想變成阿貓阿狗,3,,2,,,5,,
1,1980,6,1,15,T,3,,5,,2,2,2,2,1,,,,2,3,,,,7,,,,3,,2,,2,,1,,,2,,3,,,2,,2,,,2,,
0,1982,4,8,9,C,2,,5,,1,1,1,1,2,1,,,,,,,,,,,,,,1,,3,,4,,,1,,4,,,4,,2,,,1,,
1,1985,5,9,9,C,1,,1,,2,2,2,2,2,1,,,,,,,,,,,,,,3,,3,,2,,,2,,3,,,2,,2,,,2,,
1,1977,4,15,15,A,1,,95,,3,3,3,3,2,1,,,,,,,,,,,,,,2,,4,,4,,,4,,4,,,4,,4,,,5,,
0,1972,3,11,11,M,4,,2,,2,2,2,2,1,,,,,,,,,7,,,,3,,1,,2,,1,,,3,,3,,,3,,1,,,1,,
1,1981,5,2,2,S,1,,5,,4,4,4,4,2,5,,,,,,,,,,,,,,4,,3,,1,,,3,,3,,,3,,2,,,2,,
0,1986,6,2,2,O,5,,6,,1,1,2,2,1,,,1,,3,,,6,7,,,,3,,1,,1,,1,,,3,,4,,,4,,2,,,1,,
1,1966,3,11,11,M,2,,95,,2,2,2,2,2,6,,,,,,,,,,,,3,,3,,3,,4,,,3,,4,,,3,,2,,,2,,
1,1976,5,15,15,M,5,,5,,1,1,1,4,1,,,,,3,,,,,,,,3,,2,,2,,2,,,2,,3,,,2,,2,,,2,,
1,1973,4,2,2,V,1,,5,,4,4,4,4,2,5,,,,,,,,,,,,,,4,,3,,4,,,95,,4,,,3,,2,,,3,,
1,1997,5,11,11,T,2,,95,,2,2,2,2,2,6,,,,,,,,,,,,,,3,,3,,4,,,3,,4,,,3,,2,,,3,,
1,1972,5,14,14,S,5,,5,,2,2,2,3,1,,,,,,,,,7,,,,3,,2,,2,,1,,,2,,1,,,3,,1,,,1,,
1,1962,4,2,2,C,1,,5,,2,2,2,3,2,1,,,,,,,,,,,,,,2,,3,,2,,,1,,4,,,3,,1,,,2,,
1,1974,6,16,15,J,1,,95,,1,1,3,2,1,,,1,2,,,,,7,,,,5,,1,,1,,1,,,1,,4,,,3,,2,,,1,,
1,1962,6,19,19,A,1,,5,,2,2,2,3,1,,,,2,,,,,7,,,,3,,1,,3,,1,,,1,,4,,,3,,1,,,1,,
0,1951,1,11,11,A,1,,95,,4,4,4,4,2,6,,,,,,,,,,,,,,3,,3,,4,,,3,,4,,,3,,4,,,3,,
1,1974,6,4,4,P,1,,5,,4,4,4,4,2,3,,,,,,,,,,,,,,1,,3,,1,,,1,,4,,,3,,2,,,2,,改變帶來風險，適應需要成本，但從中國大陸的經驗來看，這個趨勢是很難抵擋的。
1,1987,6,4,1,S,3,,95,,2,2,2,3,1,,,,,,,,,7,,,,3,,2,,1,,1,,,1,,1,,,3,,2,,,1,,
1,1975,5,2,2,M,3,,5,,3,3,3,3,2,1,,,,,,,,,,,,,,1,,4,,1,,,1,,4,,,4,,2,,,2,,
0,1984,5,11,11,P,4,,95,,2,2,2,2,1,,,,,,,,6,,,,,2,,1,,4,,5,,,3,,4,,,4,,5,,,5,,
1,1988,5,4,4,M,4,,5,,1,1,3,3,1,,,1,,,,,,7,,,,3,,1,,1,,1,,,1,,3,,,3,,1,,,2,,
0,1981,5,14,15,M,3,,5,,2,2,2,2,1,,,,2,,,,,7,,,,2,,3,,1,,2,,,2,,1,,,3,,2,,,1,,
0,1995,5,4,4,S,1,,5,,1,1,2,2,1,,,,2,,,,,,,,,3,,1,,2,,2,,,3,,4,,,3,,1,,,2,,
1,1966,6,1,1,O,2,,5,,3,3,3,3,2,6,,,,,,,,,,,,,,1,,3,,1,,,1,,1,,,1,,2,,,1,,
1,1989,6,1,1,Q,5,,5,,1,2,2,3,1,,,,,,,,,7,,,,3,,1,,1,,1,,,1,,3,,,2,,2,,,1,,
0,1986,5,2,18,V,5,,5,,3,3,3,3,1,,,,,,,,6,,,,,5,,2,,4,,1,,,3,,4,,,2,,1,,,2,,
1,1986,5,1,11,J,4,,5,,1,1,2,2,1,,,1,,,,,6,7,,,,3,,2,,2,,1,,,2,,1,,,2,,2,,,2,,
1,1981,4,15,15,M,5,,5,,1,1,1,4,1,,,,,,,,,7,,,,3,,1,,1,,1,,,4,,3,,,2,,2,,,2,,
0,1975,3,8,8,C,2,,5,,3,3,2,2,1,,,,,3,,,6,7,,,,4,,1,,2,,1,,,1,,3,,,3,,2,,,2,,
0,1966,5,1,1,O,4,,6,,3,2,2,4,1,,,1,2,,,,,,,,,3,,2,,2,,1,,,3,,1,,,2,,1,,,2,,
0,1983,5,2,2,W,2,,5,,1,1,3,1,1,,,1,,,,,6,7,,,,5,,1,,1,,1,,,1,,3,,,3,,1,,,1,,
0,1994,6,15,15,C,4,,95,,2,2,3,3,1,,,,,,,,,7,,,,3,,2,,3,,1,,,4,,3,,,3,,1,,,1,,
0,1997,4,18,2,T,3,,95,,1,1,1,1,1,,,,,,,,,7,,,,4,,1,,1,,1,,,3,,4,,,3,,1,,,1,,
0,1985,5,2,2,V,2,,5,,1,1,2,1,1,,,1,,3,,,6,7,,,,3,,1,,1,,2,,,2,,1,,,1,,1,,,1,,
1,1979,3,13,13,S,5,,5,,1,1,2,1,1,,,1,2,3,4,5,6,7,,,,5,,2,,1,,1,,,1,,1,,,1,,1,,,1,,
0,1975,4,13,13,S,1,,5,,1,1,1,4,2,1,,,,,,,,,,,,,,1,,3,,1,,,3,,4,,,3,,1,,,1,,
1,1979,5,2,14,W,1,,1,,1,1,1,2,1,,,1,,,,,,,,,,1,,3,,3,,4,,,1,,4,,,3,,4,,,3,,
0,1994,5,8,8,N,2,,5,,1,3,2,2,1,,,,,3,,,,,,,,2,,3,,3,,1,,,3,,3,,,3,,4,,,1,,
1,1996,5,2,2,T,3,,5,,3,3,3,3,1,,,,,,,,6,7,,,,3,,1,,3,,1,,,2,,3,,,2,,1,,,2,,
1,1970,5,24,24,S,2,,4,,3,3,3,3,1,,,,,,,,,7,,,,4,,2,,2,,2,,,2,,3,,,2,,2,,,3,,
0,1994,5,1,1,M,1,,1,,2,2,2,2,2,1,,,,,,,,,,,,,,1,,3,,5,,,1,,4,,,3,,4,,,5,,
1,1967,5,15,15,C,4,,5,,2,2,2,2,1,,,,,,,,,7,,,,5,,2,,3,,4,,,1,,3,,,3,,4,,,2,,
0,1976,5,4,4,C,1,,5,,4,4,4,4,1,,,,,,,,,7,,,,3,,1,,1,,1,,,1,,1,,,1,,1,,,2,,
1,1986,5,1,1,M,3,,5,,1,1,3,3,1,,,,2,3,4,,6,7,,,,3,,2,,1,,1,,,2,,3,,,2,,2,,,2,,
1,1985,6,8,10,O,2,,5,,1,1,3,3,1,,,,2,,,,,7,,,,3,,1,,1,,1,,,3,,5,,不喜歡身體內被植入東西,3,,1,,,5,,偏向喜歡新科技導入生活，創造更方便的人生
0,1990,5,2,2,W,3,,5,,1,1,1,1,1,,,1,,,,,6,7,,,,3,,1,,1,,1,,,1,,1,,,1,,1,,,1,,
1,1997,3,3,2,T,1,,1,,2,2,2,2,2,6,,,,,,,,,,,,,,1,,4,,5,,,3,,4,,,3,,2,,,3,,
1,1977,6,15,15,M,2,,2,,1,1,1,1,2,4,,,,,,,,,,,,,,1,,3,,5,,,4,,4,,,4,,2,,,2,,觀望
0,1986,3,2,2,G,1,,1,,2,2,2,2,1,,,,,,,,6,7,,,,1,,1,,3,,4,,,2,,1,,,1,,1,,,1,,
1,1973,5,6,6,C,1,,5,,2,2,2,3,2,90,可用店家太少,,,,,,,,,,,,,2,,4,,1,,,1,,3,,,3,,5,,,5,,
0,1988,6,14,14,P,1,,5,,2,2,2,2,1,,,,,,,,,,,90,Px,91,,1,,3,,1,,,1,,3,,,4,,1,,,1,,Good
1,1997,6,2,8,T,1,,5,,2,2,3,3,1,,,1,,3,,,,7,,,,5,,1,,3,,1,,,1,,4,,,3,,1,,,2,,
1,1979,6,4,4,M,3,,5,,3,3,3,3,1,,,,,,,,6,,,,,1,,1,,3,,5,,,1,,4,,,4,,1,,,5,,
0,2004,3,,11,T,1,,95,,1,4,3,2,2,2,,,,,,,,,,,,,,3,,3,,5,,,4,,4,,,3,,2,,,5,,
0,1973,4,2,2,S,4,,5,,2,2,2,2,1,,,,,,,,6,7,,,,3,,1,,1,,1,,,1,,4,,,4,,1,,,1,,
1,1966,5,14,14,G,1,,5,,1,4,1,4,1,,,,,,,,,7,,,,2,,3,,3,,5,,,3,,4,,,4,,2,,,5,,
0,1989,5,1,2,C,4,,6,,2,2,2,2,1,,,,2,,,,6,7,,,,3,,1,,2,,2,,,3,,4,,,3,,1,,,2,,
1,1963,6,1,14,M,3,,5,,1,2,3,3,1,,,,,,,,6,,,,,4,,1,,2,,1,,,4,,4,,,4,,2,,,2,,
0,1983,6,2,2,S,90,行動支付,5,,2,2,2,2,1,,,1,,3,,,6,7,,,,3,,1,,1,,1,,,1,,3,,,3,,2,,,2,,
1,1985,5,14,14,M,4,,6,,2,2,2,2,1,,,1,,,,,,7,,,,3,,2,,2,,2,,,2,,1,,,2,,1,,,2,,
0,1969,4,2,2,U,5,,5,,4,4,2,2,2,2,,,,,,,,,,,,,,3,,3,,5,,,1,,4,,,3,,2,,,3,,
0,1975,5,9,9,S,4,,5,,4,4,4,3,1,,,,,,,,6,,,,,3,,2,,3,,1,,,1,,4,,,3,,2,,,5,,
1,1959,4,1,1,M,1,,1,,1,1,1,1,1,,,,,,,,,7,,,,1,,1,,1,,1,,,1,,1,,,1,,1,,,1,,
1,1961,3,20,20,W,1,,5,,2,2,2,4,2,4,,,,,,,,,,,,,,3,,3,,1,,,95,,3,,,3,,1,,,1,,
1,1997,5,2,2,F,3,,5,,1,1,1,1,1,,,,,,,,,7,,,,5,,2,,3,,1,,,1,,3,,,3,,1,,,1,,擁抱科技 
0,1991,6,14,14,T,2,,5,,4,4,4,4,2,1,,,,,,,,,,,,,,1,,3,,5,,,1,,4,,,3,,1,,,4,,
1,1970,3,4,4,M,1,,1,,4,4,4,4,2,1,,,,,,,,,,,,,,4,,4,,4,,,95,,3,,,3,,5,,,4,,
1,1988,5,4,19,R,3,,5,,2,2,2,2,1,,,1,,,,,,,,,,4,,1,,1,,1,,,2,,1,,,2,,1,,,2,,
1,1950,4,15,15,W,2,,2,,2,2,2,2,1,,,,,,,,,7,,,,91,,2,,2,,2,,,2,,3,,,2,,2,,,2,,
1,1976,3,2,1,S,2,,1,,2,2,2,2,1,,,,2,,,,,,,,,1,,1,,3,,1,,,1,,5,,怕身體排斥,4,,1,,,2,,
0,2000,5,10,10,T,1,,1,,2,2,4,4,2,3,,,,,,,,,,,,,,2,,3,,5,,,2,,3,,,3,,2,,,3,,
0,1984,6,15,15,M,4,,6,,2,2,2,3,1,,,1,2,3,,,6,7,,,,3,,2,,2,,1,,,1,,3,,,3,,1,,,1,,
1,1974,5,1,2,Q,3,,5,,2,2,2,2,1,,,1,,,,,,,8,,,3,,1,,4,,1,,,95,,4,,,4,,1,,,2,,
0,1996,6,15,15,T,4,,5,,2,3,2,3,1,,,1,,,,,,7,,,,3,,2,,2,,1,,,2,,4,,,3,,2,,,1,,
0,1992,6,2,2,T,2,,95,,1,4,2,4,1,,,,,,,,,7,,,,5,,2,,3,,1,,,3,,4,,,4,,1,,,2,,
0,1966,5,8,8,S,3,,5,,4,4,4,4,2,1,,,,,,,,,,,,,,1,,4,,6,,安全考量,4,,4,,,90,對政府不信任，即使安全機制再完善，依舊是人設計出來的,5,,,1,,
0,1993,5,11,11,V,4,,95,,2,2,2,2,1,,,,,3,,,6,7,,,,5,,2,,1,,5,,,1,,4,,,4,,2,,,1,,
0,1983,4,15,15,S,1,,5,,1,1,2,2,1,,,,,,,,,7,,,,5,,2,,3,,1,,,2,,1,,,3,,4,,,1,,
0,1990,5,1,1,S,5,,5,,1,3,2,3,2,5,,,,,,,,,,,,,,4,,3,,1,,,95,,4,,,3,,1,,,1,,
1,1979,6,2,2,P,4,,5,,2,2,3,3,1,,,,,,,,6,,,,,90,行動支付，免接觸好安心,1,,2,,2,,,1,,3,,,3,,1,,,5,,
0,1990,5,15,15,M,1,,1,,1,2,1,3,2,2,,,,,,,,,,,,,,1,,3,,5,,,1,,4,,,3,,1,,,3,,
1,1991,6,1,4,C,4,,5,,2,2,2,2,1,,,,,,4,,6,7,,,,3,,1,,2,,1,,,2,,1,,,3,,2,,,2,,植入皮下的方式會想嘗試
0,1985,5,15,15,C,90,icash,5,,2,2,2,3,1,,,,,,4,,,,,,,2,,90,更麻煩，還要帶手機出門，付錢還得拿出手機點半天，還有安全疑慮,4,,4,,,3,,4,,,4,,5,,,3,,絕對是觀望，所有新發明都是不馬上去用也不會死的，先用到也不會讓你變得比較偉大/厲害/有用，何必搶先當找bug的白老鼠
0,1979,5,15,15,S,4,,5,,2,2,3,3,1,,,,,,,,,7,,,,3,,1,,3,,1,,,3,,3,,,3,,2,,,1,,
0,1983,5,2,1,K,4,,5,,1,1,2,3,1,,,1,,,,,6,7,,,,3,,1,,2,,1,,,1,,3,,,3,,2,,,2,,
0,1987,6,15,15,S,3,,5,,4,4,4,3,1,,,,,3,,,,,,,,2,,4,,3,,5,,,3,,4,,,4,,2,,,1,,
0,1975,5,5,5,P,2,,1,,4,4,4,3,1,,,,,3,,,,,,,,1,,3,,1,,1,,,2,,4,,,2,,1,,,1,,
1,1983,6,7,4,C,4,,5,,1,1,2,2,1,,,,,,,,6,7,,,,3,,1,,1,,1,,,95,,4,,,3,,1,,,1,,
1,1963,4,15,15,J,1,,1,,2,2,2,1,2,4,,,,,,,,,,,,,,3,,3,,5,,,3,,4,,,3,,4,,,5,,
0,1963,5,2,2,C,95,,5,,3,3,3,2,2,1,,,,,,,,,,,,,,4,,3,,1,,,1,,4,,,2,,2,,,2,,
0,1978,5,2,2,V,2,,5,,2,2,3,2,1,,,,,,,,,7,,,,5,,3,,3,,5,,,95,,4,,,2,,1,,,5,,
1,1977,6,1,1,M,2,,5,,3,3,3,2,1,,,,,,,,,7,,,,3,,1,,1,,1,,,1,,1,,,3,,1,,,1,,
1,1994,6,8,2,A,4,,5,,1,1,2,2,1,,,1,,,4,,,,,,,3,,1,,4,,1,,,1,,3,,,2,,1,,,2,,
1,1970,4,15,15,S,95,,5,,1,4,2,4,1,,,,,,,,,7,,90,中油pay,91,,1,,3,,1,,,95,,3,,,2,,2,,,2,,
0,1991,5,15,15,C,4,,6,,2,2,2,2,1,,,,,,,,,7,,,,5,,1,,4,,1,,,1,,4,,,3,,2,,,1,,
1,1993,5,1,1,S,1,,5,,1,2,3,3,1,,,,,,,,,7,,,,2,,1,,3,,1,,,1,,3,,,3,,2,,,1,,
1,1991,5,14,14,S,3,,5,,3,3,2,2,1,,,,,,4,,,,,,,2,,2,,2,,2,,,2,,1,,,3,,4,,,1,,
0,1996,6,15,15,G,4,,6,,3,3,3,2,1,,,,,3,,,6,7,,,,3,,1,,1,,1,,,1,,3,,,3,,1,,,2,,
0,1984,5,2,2,R,4,,5,,1,1,2,2,1,,,,,,,,,7,,,,3,,2,,2,,1,,,1,,4,,,2,,2,,,1,,
0,1982,5,15,15,S,2,,1,,1,1,2,3,1,,,,,,,,,7,,,,5,,1,,3,,4,,,3,,4,,,3,,4,,,1,,
1,1973,5,14,14,Q,4,,5,,3,3,3,2,1,,,,2,,,,,7,,,,3,,1,,2,,1,,,1,,1,,,3,,2,,,2,,
0,1984,5,2,2,C,3,,5,,1,1,3,2,1,,,1,,,,,6,7,,,,3,,1,,2,,1,,,2,,1,,,1,,5,,,1,,
0,1988,5,2,2,V,4,,5,,3,3,2,4,1,,,,,,,,6,7,,,,3,,1,,4,,1,,,1,,3,,,3,,2,,,2,,
0,1988,6,2,1,R,2,,5,,2,2,2,3,1,,,1,,,,,,7,,,,5,,1,,3,,1,,,1,,3,,,2,,2,,,1,,
1,1977,6,21,21,M,2,,5,,2,3,2,2,1,,,,,3,,,,,,,,3,,1,,1,,1,,,4,,3,,,3,,2,,,2,,
1,1964,6,3,3,S,3,,5,,1,1,3,2,1,,,,2,3,4,,6,7,,,,3,,1,,1,,1,,,1,,3,,,3,,2,,,2,,
1,1984,5,2,2,M,4,,5,,1,1,2,2,1,,,,,3,4,,6,7,,,,5,,2,,3,,5,,,3,,4,,,3,,1,,,3,,
0,1986,6,15,14,S,2,,5,,1,3,3,3,1,,,1,,,,,,7,,,,4,,1,,3,,1,,,1,,3,,,3,,2,,,1,,
1,1985,6,15,15,S,1,,6,,2,1,2,3,1,,,1,,3,,,,,,,,4,,1,,1,,1,,,3,,4,,,3,,1,,,1,,
0,1995,6,2,2,H,2,,5,,1,1,2,2,1,,,1,,,4,,6,7,,,,3,,2,,2,,2,,,3,,3,,,3,,4,,,5,,
1,2000,5,15,15,T,4,,6,,1,1,2,3,1,,,,2,3,4,,6,7,,,,5,,1,,90,我覺得都有風險,2,,,90,我不想把科技的東西植入到身體,4,,,4,,1,,,90,會用的就會用，不會用的就不會用，對有些人來說很麻煩，或是有很多疑慮,適時觀望
0,1970,5,24,24,S,1,,5,,3,3,3,3,1,,,,,3,,,,,,,,2,,1,,3,,4,,,4,,4,,,4,,4,,,4,,
1,1981,5,2,2,N,2,,5,,3,3,3,3,1,,,,,,,,,7,,,,5,,1,,3,,2,,,1,,3,,,4,,2,,,1,,
0,1980,5,15,15,V,5,,5,,3,3,3,2,1,,,,,,,,,,,90,PX PAY,5,,90,有優惠,3,,1,,,1,,3,,,2,,1,,,2,,
0,1999,5,8,8,T,1,,1,,3,3,3,3,2,1,,,,,,,,,,,,,,1,,3,,2,,,1,,4,,,3,,2,,,5,,
0,1951,5,2,2,U,2,,5,,2,2,2,2,1,,,,,,,,,7,,,,91,,4,,3,,1,,,1,,3,,,3,,2,,,2,,
0,1994,6,8,14,T,1,,5,,2,2,2,3,2,1,,,,,,,,,,,,,,4,,3,,5,,,4,,4,,,3,,2,,,1,,
1,1992,5,8,8,C,3,,5,,3,3,3,3,1,,,,,,,,6,7,,,,3,,1,,2,,2,,,2,,3,,,2,,2,,,2,,
0,1986,1,2,2,C,1,,95,,4,4,2,2,1,,,,,,,,6,7,,,,91,,1,,3,,1,,,1,,3,,,2,,1,,,5,,
0,1992,5,8,8,S,4,,6,,1,1,2,2,1,,,,,3,,,6,7,,,,3,,1,,1,,2,,,90,會不會很容易被歹徒挾持直接強迫消費,3,,,3,,1,,,1,,
0,1990,5,2,1,S,4,,5,,2,4,2,2,1,,,,,,,,6,7,,,,91,,1,,1,,2,,,1,,4,,,3,,2,,,2,,
1,1970,3,14,14,M,95,,5,,4,4,4,4,2,6,,,,,,,,,,,,,,3,,4,,1,,,1,,1,,,2,,1,,,2,,
0,1988,5,15,15,K,4,,6,,1,1,2,2,1,,,,,,,,,7,,,,3,,2,,2,,1,,,3,,5,,怕痛,3,,2,,,1,,
1,1984,5,1,1,V,4,,5,,3,3,2,2,1,,,,,,,,,7,,,,2,,4,,1,,5,,,1,,4,,,4,,5,,,3,,
1,1990,5,2,2,S,5,,95,,1,1,2,2,1,,,,2,3,,,,7,,,,5,,2,,2,,6,,多元化而非單一化,1,,3,,,3,,1,,,5,,
0,1972,3,1,1,S,4,,5,,3,3,3,2,1,,,,,,4,,,,,,,3,,1,,1,,1,,,3,,3,,,3,,2,,,2,,
0,1990,6,2,8,T,2,,4,,2,2,2,2,1,,,,,,,,,,8,,,4,,1,,1,,1,,,3,,4,,,3,,4,,,2,,
0,1980,4,2,2,S,2,,95,,2,2,4,3,2,6,,,,,,,,,,,,,,2,,4,,5,,,1,,4,,,4,,2,,,1,,
0,1997,5,1,15,F,1,,95,,1,3,3,2,2,90,怕被盜用,,,,,,,,,,,,,1,,3,,5,,,1,,4,,,3,,1,,,5,,
1,1993,6,8,8,T,1,,1,,3,2,3,3,2,2,,,,,,,,,,,,,,3,,3,,2,,,3,,4,,,4,,4,,,4,,
0,1970,5,24,24,S,4,,5,,4,4,2,2,1,,,,,,,,6,7,,,,3,,1,,1,,1,,,2,,1,,,3,,2,,,2,,
1,1982,6,4,4,O,2,,5,,2,2,2,2,2,90,覺得還沒到必要的時候,,,,,,,,,,,,,1,,90,安全危險兼具,1,,,1,,3,,,3,,2,,,2,,
1,1999,5,1,1,T,1,,95,,4,4,4,2,1,,,,,,,,6,,,,,3,,1,,1,,1,,,2,,3,,,3,,2,,,2,,
0,1975,3,2,2,U,2,,5,,2,2,2,3,1,,,,,,,,,7,,,,5,,1,,3,,3,如果不會被盜用.我會比較放心,,90,如果被壞人抓走....會被盜刷嗎?>,3,,,3,,2,,,2,,
1,1960,5,4,4,C,3,,5,,2,2,2,2,1,,,,,,,,6,7,,,,3,,1,,2,,1,,,3,,4,,,3,,2,,,1,,
1,1993,5,9,9,A,1,,95,,4,4,4,4,2,5,,,,,,,,,,,,,,4,,4,,4,,,1,,4,,,3,,5,,,4,,
1,1966,6,2,2,S,4,,5,,1,1,3,3,1,,,,,3,4,,6,7,,,,4,,1,,1,,2,,,95,,4,,,3,,1,,,1,,
0,1978,5,8,8,S,1,,5,,4,4,4,4,2,1,,,,,,,,,,,,,,3,,4,,5,,,3,,4,,,4,,4,,,3,,
1,1989,5,8,8,M,95,,95,,4,4,4,4,2,90,都用信用卡,,,,,,,,,,,,,1,,2,,1,,,95,,3,,,3,,1,,,1,,
1,1989,5,8,8,S,2,,5,,1,1,1,1,1,,,,,,,,6,7,,,,3,,1,,3,,2,,,1,,3,,,3,,1,,,1,,
0,1976,5,14,14,S,5,,5,,2,2,2,2,1,,,,,,,,,7,,,,5,,1,,2,,5,,,1,,3,,,3,,1,,,2,,
1,1961,5,2,2,S,1,,5,,4,4,2,4,1,,,,,,,,,,8,,,1,,2,,2,,1,,,1,,5,,會身不由己,3,,1,,,2,,
1,1991,6,2,6,K,4,,5,,1,1,2,2,1,,,1,,3,,,6,7,,,,3,,1,,2,,2,,,2,,1,,,3,,1,,,5,,
1,2001,3,2,2,S,1,,1,,2,2,2,3,2,1,,,,,,,,,,,,,,1,,1,,1,,,2,,1,,,2,,1,,,1,,
1,1992,5,2,2,Q,4,,6,,2,2,2,2,1,,,,,,,,,7,,,,4,,1,,1,,1,,,1,,1,,,2,,1,,,2,,
1,1989,6,4,4,O,3,,5,,1,1,2,3,1,,,1,,,,,,7,,,,3,,1,,2,,1,,,1,,3,,,2,,2,,,5,,
1,1986,5,2,2,M,4,,5,,3,3,2,2,1,,,,,,,,6,7,,,,5,,2,,4,,5,,,3,,4,,,4,,1,,,4,,
0,1991,5,2,2,V,4,,6,,1,1,2,2,1,,,,,,,,,7,,,,3,,1,,2,,3,這樣就可以減少現金糾紛，如假鈔或是找錯錢,,1,,1,,,4,,1,,,5,,
0,1982,6,8,8,V,1,,5,,1,1,4,4,1,,,,,,,,,7,,,,1,,3,,4,,5,,,3,,4,,,4,,5,,,4,,
0,1997,5,1,2,O,4,,6,,2,2,3,3,1,,,1,,,,,,,,,,3,,1,,2,,1,,,1,,3,,,3,,1,,,1,,
1,1978,6,2,2,M,2,,5,,1,1,4,1,1,,,,2,,,,,,,,,5,,1,,3,,1,,,3,,4,,,4,,2,,,2,,
0,2002,5,,1,T,2,,1,,2,2,2,2,2,4,,,,,,,,,,,,,,2,,2,,1,,,2,,1,,,2,,2,,,2,,
1,1956,5,1,1,K,2,,4,,2,2,2,3,1,,,,,,,,6,7,,,,5,,1,,1,,1,,,1,,3,,,3,,1,,,1,,
1,1982,5,1,14,M,3,,5,,3,3,3,3,1,,,,,,,,,7,,,,1,,3,,3,,2,,,1,,1,,,2,,2,,,1,,
0,1998,5,15,15,T,4,,6,,1,1,2,2,1,,,,,3,,,6,7,,,,5,,2,,2,,1,,,1,,3,,,2,,1,,,5,,
1,1977,5,19,19,P,1,,5,,2,2,2,2,1,,,,,,,5,,,,,,3,,1,,1,,1,,,3,,4,,,4,,1,,,2,,
1,1971,4,4,4,M,1,,5,,4,4,4,4,2,4,,,,,,,,,,,,,,3,,3,,5,,,4,,5,,不知道會發生什麼事,4,,5,,,5,,
1,1974,5,2,2,S,1,,5,,2,2,3,2,1,,,,,3,,,6,,,,,5,,1,,2,,1,,,1,,3,,,2,,2,,,1,,
1,1984,5,14,14,C,2,,1,,2,2,2,2,2,1,,,,,,,,,,,,,,1,,2,,1,,,2,,1,,,3,,1,,,2,,
0,2001,5,8,8,T,1,,95,,2,2,2,2,2,1,,,,,,,,,,,,,,1,,3,,1,,,3,,4,,,3,,2,,,3,,
1,1992,6,2,2,K,3,,5,,2,2,2,2,1,,,,2,3,,,6,7,,,,3,,2,,2,,2,,,3,,1,,,2,,1,,,2,,
1,1982,5,1,1,K,4,,2,,2,2,2,2,2,3,,,,,,,,,,,,,,1,,3,,1,,,1,,3,,,3,,2,,,2,,
1,1990,5,2,2,G,1,,95,,1,1,1,1,1,,,,,3,,,,,,,,5,,1,,3,,1,,,1,,4,,,2,,2,,,5,,
1,1957,4,7,7,M,2,,5,,2,2,2,2,1,,,1,,,,,,,,,,5,,1,,1,,1,,,1,,1,,,2,,1,,,1,,
0,1997,5,16,16,V,1,,95,,2,2,2,3,2,4,,,,,,,,,,,,,,3,,3,,1,,,3,,4,,,3,,1,,,1,,
1,1980,4,7,4,C,1,,1,,2,2,2,2,1,,,,,,,,,7,,,,2,,1,,1,,1,,,1,,1,,,1,,1,,,1,,
1,1984,5,2,2,C,2,,5,,2,2,2,2,2,1,,,,,,,,,,,,,,4,,4,,1,,,3,,3,,,2,,4,,,4,,
1,1983,4,8,8,V,1,,95,,3,3,3,3,1,,,,2,,,,,,,,,91,,90,玩遊戲方便,1,,5,,,1,,4,,,4,,2,,,2,,
1,1988,5,15,15,M,4,,5,,4,4,3,2,1,,,,,3,,5,6,7,,,,4,,1,,3,,5,,,1,,3,,,3,,2,,,1,,
0,1955,4,15,15,U,3,,5,,4,4,4,4,2,6,,,,,,,,,,,,,,3,,3,,1,,,3,,4,,,3,,1,,,2,,
0,1987,5,2,2,O,1,,5,,2,2,3,3,1,,,,,,,,6,7,,,,5,,1,,3,,5,,,95,,4,,,3,,2,,,3,,
1,1957,4,2,2,C,1,,1,,4,4,4,4,2,5,,,,,,,,,,,,,,4,,4,,5,,,1,,4,,,4,,5,,,5,,
1,1990,5,20,20,S,1,,1,,3,3,3,3,1,,,,,,,,,7,,,,2,,3,,3,,5,,,3,,4,,,3,,5,,,5,,
0,1993,5,15,15,M,4,,6,,2,2,2,2,1,,,,,,,,,7,,,,3,,2,,3,,1,,,3,,4,,,4,,5,,,2,,
1,1993,5,8,8,C,1,,1,,3,2,2,1,2,1,,,,,,,,,,,,,,4,,4,,5,,,3,,4,,,4,,1,,,3,,
0,1984,4,4,4,C,3,,5,,3,3,3,2,1,,,,,,4,,6,,,,,3,,1,,4,,1,,,3,,4,,,3,,2,,,2,,
0,1984,3,2,2,C,1,,2,,4,4,4,4,2,2,,,,,,,,,,,,,,3,,4,,5,,,95,,4,,,4,,5,,,4,,
1,1998,5,15,15,T,1,,6,,1,1,2,3,1,,,1,2,3,,,,,,,,3,,2,,1,,1,,,3,,4,,,3,,2,,,2,,
0,1990,5,6,6,C,4,,95,,2,2,2,2,1,,,,,3,,,,7,,,,3,,1,,3,,1,,,1,,4,,,3,,5,,,2,,
0,1993,5,4,4,S,1,,5,,2,2,2,2,1,,,,,,,,,7,,,,91,,2,,3,,1,,,1,,3,,,3,,2,,,1,,
1,1968,3,8,8,W,4,,6,,2,2,2,2,1,,,,2,3,,,,,,,,4,,2,,1,,5,,,2,,1,,,1,,1,,,1,,
0,1990,5,1,1,S,2,,5,,2,2,3,3,1,,,,,3,,,6,7,,,,4,,1,,3,,2,,,3,,4,,,3,,2,,,2,,
0,1982,5,2,2,S,3,,5,,3,3,3,3,1,,,,,3,,,,,,,,3,,2,,3,,5,,,1,,4,,,3,,1,,,4,,
0,1987,5,2,2,J,1,,5,,2,2,3,2,1,,,,2,,,,,,,,,5,,4,,4,,5,,,1,,4,,,3,,2,,,5,,
1,1993,6,3,3,C,1,,1,,2,2,3,3,1,,,,2,,,,,,,,,5,,1,,4,,1,,,2,,1,,,3,,2,,,1,,
1,1984,5,5,5,M,3,,5,,1,1,2,2,1,,,,2,,,,6,,,,,3,,1,,1,,1,,,2,,3,,,3,,2,,,2,,
1,1982,6,4,4,S,4,,5,,3,3,3,3,1,,,,,3,4,5,6,7,8,,,3,,2,,2,,1,,,1,,3,,,2,,2,,,2,,
1,1974,4,2,2,S,3,,5,,2,2,2,2,2,1,,,,,,,,,,,,,,4,,4,,5,,,1,,4,,,4,,5,,,5,,觀望
0,1987,5,15,15,S,3,,5,,2,2,2,2,1,,,,,,,,,7,,,,3,,1,,2,,1,,,3,,4,,,3,,1,,,3,,
0,1993,5,11,11,C,4,,6,,2,2,3,3,1,,,1,,,,,6,7,,,,4,,2,,2,,1,,,3,,4,,,4,,2,,,2,,
0,1972,6,1,1,Q,95,,5,,1,1,3,3,1,,,,,3,4,,,7,,,,5,,90,更方便，但是有個資及隱私收集的疑慮,4,,5,,,4,,4,,,4,,6,,講究方便的同時也要考慮改變所帶來的損失(一開始會較為隱形),5,,
1,1975,4,8,8,M,1,,5,,2,4,1,4,1,,,,,,,,,7,,,,2,,2,,2,,2,,,2,,3,,,3,,2,,,2,,擁抱科技
1,1989,5,8,8,V,1,,1,,2,2,3,3,1,,,1,,,,,,,,,,1,,1,,1,,2,,,1,,1,,,1,,1,,,3,,
1,1984,5,9,9,C,5,,95,,1,2,3,3,1,,,,,,,,6,,,,,2,,3,,3,,4,,,3,,4,,,4,,1,,,4,,
0,1988,5,14,14,G,1,,95,,2,2,2,2,1,,,,,,,,,7,,,,2,,4,,4,,5,,,3,,4,,,4,,1,,,1,,
1,1958,4,4,4,H,1,,5,,2,2,2,2,1,,,,,,,,,,,90,家樂福,5,,1,,3,,2,,,1,,3,,,4,,1,,,2,,
0,1982,4,14,14,C,1,,1,,4,4,4,4,2,1,,,,,,,,,,,,,,1,,3,,4,,,3,,4,,,4,,2,,,2,,
1,1978,5,4,4,M,1,,5,,2,2,2,2,1,,,,,,,,,7,,,,4,,2,,2,,1,,,3,,4,,,4,,2,,,2,,
1,1985,5,2,2,S,90,行動支付,90,行動支付,1,1,2,2,1,,,,,,,,6,7,,,,90,行動支付，搭配信用卡有回饋,1,,1,,1,,,1,,1,,,3,,5,,,2,,
1,1992,5,2,2,G,3,,5,,1,1,3,3,1,,,,,,,,,7,,,,5,,4,,3,,2,,,3,,3,,,3,,2,,,1,,
0,1980,4,9,9,Q,2,,2,,4,2,2,4,2,1,,,,,,,,,,,,,,3,,3,,4,,,3,,4,,,3,,1,,,2,,
1,1990,5,2,2,C,1,,5,,4,2,2,4,1,,,,,3,,,,,,,,5,,2,,1,,5,,,3,,4,,,4,,1,,,3,,
0,1976,5,2,2,M,1,,5,,3,3,3,3,1,,,,,,,,,7,,,,2,,1,,3,,1,,,1,,4,,,3,,1,,,4,,
1,1992,6,2,1,M,4,,5,,1,1,3,3,1,,,,,3,4,,6,7,,,,3,,1,,1,,1,,,1,,4,,,4,,5,,,1,,
1,1990,6,8,8,T,4,,2,,3,1,2,2,1,,,,2,3,4,,6,7,,,,3,,1,,2,,1,,,3,,4,,,2,,2,,,3,,
0,1985,5,8,8,V,1,,1,,2,3,2,3,1,,,,,,,,,7,,,,5,,2,,3,,5,,,1,,4,,,3,,2,,,5,,
1,1998,6,4,4,T,2,,95,,1,1,3,3,1,,,,,3,,,,7,,,,4,,1,,2,,1,,,1,,3,,,2,,2,,,2,,
1,1977,5,1,1,N,2,,5,,3,3,3,3,1,,,,,3,,,6,7,,,,5,,1,,2,,1,,,1,,3,,,2,,1,,,1,,
0,1989,5,14,14,S,4,,6,,1,1,2,3,1,,,1,,,,,,7,,,,3,,1,,4,,1,,,1,,3,,,2,,2,,,1,,
1,1983,5,2,2,M,4,,5,,1,1,3,3,1,,,,2,,,,,,,,,5,,1,,4,,1,,,1,,3,,,3,,1,,,2,,
0,1995,5,9,9,J,1,,1,,1,1,2,2,1,,,,,,,,,7,,,,3,,2,,1,,1,,,3,,3,,,4,,1,,,1,,
1,1979,5,15,11,C,3,,5,,3,2,2,3,1,,,,,3,4,,,,,,,3,,2,,3,,1,,,2,,1,,,2,,2,,,1,,
1,1982,5,1,1,Q,3,,5,,3,3,3,3,1,,,1,,,,,6,,,,,3,,1,,2,,5,,,3,,4,,,4,,4,,,2,,
1,1983,5,15,15,S,1,,5,,1,1,1,1,1,,,1,,,,,,7,,,,2,,2,,2,,1,,,2,,1,,,3,,1,,,1,,
1,1971,5,8,9,O,1,,5,,3,3,3,3,2,90,沒免費網路,,,,,,,,,,,,,4,,4,,6,,除非提供免費網路,4,,4,,,4,,5,,,5,,
1,1967,5,1,1,M,2,,2,,3,2,2,3,1,,,,,3,,,,,,,,2,,2,,2,,1,,,2,,1,,,1,,1,,,2,,
0,1984,5,8,8,U,1,,1,,4,4,4,4,2,1,,,,,,,,,,,,,,1,,3,,2,,,3,,4,,,4,,1,,,3,,
0,1963,5,14,14,S,95,,95,,3,3,3,3,1,,,,,,,,,7,,,,3,,1,,1,,4,,,1,,1,,,2,,4,,,5,,
1,1980,3,9,9,S,5,,6,,2,2,1,3,1,,,1,2,3,,,,7,,,,4,,2,,2,,1,,,2,,1,,,2,,5,,,2,,
1,1997,5,5,8,T,4,,5,,2,2,3,3,1,,,,2,,,,6,,,,,3,,1,,2,,1,,,1,,3,,,3,,2,,,4,,
1,1988,5,1,1,H,1,,1,,2,2,2,3,1,,,,,,,,6,,,,,3,,2,,90,I don't know,1,,,2,,1,,,2,,2,,,5,,
1,1984,5,4,4,M,2,,1,,2,2,2,3,2,1,,,,,,,,,,,,,,1,,3,,1,,,1,,4,,,3,,4,,,2,,
0,1988,6,1,8,M,4,,5,,1,1,2,2,1,,,1,,,,,6,7,,,,4,,1,,3,,1,,,3,,4,,,3,,2,,,2,,
1,1965,4,16,16,S,1,,1,,2,2,2,2,2,1,,,,,,,,,,,,,,3,,3,,5,,,4,,4,,,3,,2,,,1,,
0,1975,4,14,14,S,4,,5,,1,1,1,1,1,,,1,,,,,,7,,,,3,,1,,90,安全和危險各半,1,,,1,,3,,,4,,2,,,1,,
0,1988,6,15,15,S,5,,6,,1,1,2,2,1,,,1,,,,,6,7,,90,橘子支付,3,,1,,3,,1,,,3,,4,,,4,,4,,,1,,
1,1980,5,9,9,M,2,,5,,2,2,1,1,1,,,,,,,,,7,,,,3,,2,,4,,1,,,3,,4,,,3,,1,,,2,,
0,1986,3,9,9,V,2,,2,,3,3,3,3,2,1,,,,,,,,,,,,,,1,,3,,1,,,4,,4,,,4,,2,,,2,,
1,1990,6,5,12,T,1,,1,,4,4,4,4,2,6,,,,,,,,,,,,,,2,,3,,5,,,95,,3,,,4,,4,,,3,,
1,1989,5,15,15,K,1,,95,,1,1,2,4,2,3,,,,,,,,,,,,,,1,,3,,1,,,1,,3,,,2,,1,,,1,,
1,1981,5,1,1,F,2,,5,,1,1,1,1,1,,,,2,,,,,,,,,3,,1,,1,,1,,,1,,1,,,1,,1,,,1,,
0,1984,5,14,9,U,1,,1,,4,4,4,2,1,,,,,,,,,7,,,,1,,4,,3,,5,,,4,,3,,,2,,1,,,1,,
1,1991,4,8,8,M,95,,6,,1,4,3,3,1,,,1,,,,,,7,,,,4,,1,,1,,1,,,1,,1,,,4,,4,,,1,,
1,1965,6,8,8,P,1,,5,,1,1,3,3,2,1,,,,,,,,,,,,,,1,,3,,1,,,1,,3,,,3,,2,,,2,,
0,1984,5,14,9,U,1,,1,,4,4,4,4,2,4,,,,,,,,,,,,,,3,,4,,5,,,95,,3,,,2,,1,,,1,,
0,1994,5,2,2,J,2,,6,,2,2,3,3,1,,,,,,,,6,7,,,,3,,2,,2,,1,,,3,,4,,,4,,2,,,1,,
0,1989,5,14,14,T,4,,6,,1,4,2,2,1,,,1,,,,,6,7,,,,3,,1,,3,,5,,,4,,4,,,3,,2,,,1,,
0,1991,5,2,2,S,1,,1,,4,4,4,4,2,3,,,,,,,,,,,,,,4,,4,,1,,,1,,4,,,3,,1,,,2,,
1,1977,4,7,2,O,3,,5,,1,1,2,4,1,,,,,,,,,7,,,,4,,2,,90,不怕錢包掉了,2,,,1,,5,,怕痛,3,,2,,,1,,
0,1976,5,2,2,S,1,,5,,2,2,3,3,1,,,,,3,,,6,7,,,,5,,90,整體而言是方便，但有些店家不支援，而且我上網不是吃到飽的,2,,1,,,90,敬佩他們願意當白老鼠,5,,有植入物排斥以及被監控的可能,3,,4,,,90,是未來趨勢，但紙幣要被淘汰應該還要很久,先觀望，覺得沒有太大安全疑慮再開始嘗試。
0,1994,6,15,10,T,5,,6,,3,3,3,2,1,,,1,,,,,,7,,,,3,,1,,3,,2,,,95,,4,,,3,,2,,,2,,
1,1969,4,1,1,M,2,,5,,2,2,2,2,1,,,,,,,,,7,8,,,5,,2,,2,,5,,,1,,3,,,3,,1,,,2,,
0,1979,5,15,15,S,1,,5,,1,2,3,3,1,,,,,,,,,7,,,,1,,3,,4,,5,,,95,,4,,,3,,2,,,2,,
1,1985,6,15,15,S,4,,95,,2,2,2,3,1,,,,,,,,,7,,,,91,,4,,3,,5,,,1,,4,,,4,,2,,,5,,
1,1992,6,1,1,V,4,,6,,1,1,2,2,1,,,,2,3,4,,6,7,,,,4,,1,,3,,2,,,3,,4,,,3,,1,,,1,,
1,1992,5,1,12,R,4,,5,,1,1,3,2,1,,,1,,,4,,6,7,,,,3,,1,,2,,1,,,4,,4,,,3,,4,,,2,,
0,1985,3,4,4,S,4,,6,,2,3,3,2,1,,,,2,3,4,5,6,7,8,,,3,,2,,2,,2,,,2,,1,,,2,,2,,,1,,擁抱科技 順應時代 接受改變
1,1995,6,1,14,K,2,,5,,3,3,3,3,1,,,,,,,,6,7,,,,3,,2,,3,,5,,,1,,3,,,4,,4,,,2,,
0,1999,3,2,2,V,1,,1,,1,2,1,1,2,2,,,,,,,,,,,,,,1,,2,,4,,,3,,4,,,4,,1,,,3,,
1,1990,6,14,2,V,1,,5,,2,2,2,2,2,5,,,,,,,,,,,,,,1,,3,,1,,,2,,1,,,3,,1,,,5,,
0,1991,6,4,4,P,4,,6,,1,1,3,3,1,,,,,,,,6,7,,,,4,,1,,1,,1,,,1,,3,,,3,,2,,,1,,
0,1988,6,1,1,U,3,,5,,3,3,3,2,1,,,,,,,,6,,,,,5,,2,,3,,5,,,1,,4,,,3,,1,,,2,,
0,1993,5,15,15,V,4,,95,,2,2,2,2,1,,,,,3,4,,,7,,,,4,,1,,3,,1,,,3,,4,,,3,,1,,,1,,
0,2001,6,1,1,O,2,,5,,3,3,3,2,1,,,,,,,,,7,,,,4,,2,,3,,4,,,3,,4,,,3,,4,,,2,,
1,1975,5,1,1,O,2,,5,,3,3,3,2,1,,,,,,,,,7,,,,5,,2,,3,,4,,,4,,3,,,3,,4,,,3,,
0,1986,5,8,8,S,1,,95,,2,3,2,3,2,1,,,,,,,,,,,,,,4,,3,,5,,,1,,3,,,4,,1,,,5,,
0,1985,3,15,15,C,5,,6,,2,2,2,3,1,,,,,,,,,7,,,,3,,1,,2,,1,,,1,,5,,在身體植入晶片多少有危險,2,,2,,,1,,
1,1988,5,13,13,I,2,,5,,2,3,3,3,1,,,,2,,,,,7,,,,5,,2,,3,,4,,,3,,4,,,4,,2,,,3,,
0,1995,5,1,13,S,90,電子支付,90,電子支付,2,2,3,3,1,,,1,,,,,,,,,,3,,1,,1,,1,,,1,,5,,覺得沒必要,3,,2,,,1,,
0,1990,5,8,8,S,1,,1,,2,2,3,3,2,5,,,,,,,,,,,,,,4,,3,,4,,,3,,3,,,4,,2,,,5,,
0,1991,5,15,16,T,1,,5,,3,3,3,3,1,,,,,,,,,,,90,台新richart,5,,1,,1,,5,,,90,怕被做其他用途例如監視,4,,,3,,2,,,5,,
0,1985,5,2,2,U,1,,1,,4,4,4,4,2,1,,,,,,,,,,,,,,3,,3,,4,,,3,,4,,,3,,5,,,3,,
0,1992,5,8,9,C,4,,6,,3,3,3,2,1,,,,,,,,,7,,,,4,,1,,2,,1,,,1,,3,,,1,,1,,,1,,
0,1973,5,15,15,K,2,,5,,3,3,3,2,2,1,,,,,,,,,,,,,,2,,3,,5,,,1,,3,,,3,,2,,,3,,
0,2000,5,4,4,T,4,,95,,1,2,2,4,1,,,,,,,,,7,,,,2,,1,,3,,5,,,1,,3,,,3,,1,,,2,,
0,1998,5,14,14,T,1,,1,,1,4,1,3,1,,,,,,,,,7,,,,1,,1,,3,,1,,,1,,3,,,2,,2,,,5,,
0,1982,3,8,8,U,1,,1,,4,4,2,3,1,,,,,3,,,,7,,,,5,,4,,4,,5,,,2,,1,,,2,,2,,,2,,
0,1982,3,2,1,S,2,,5,,2,1,2,3,2,3,,,,,,,,,,,,,,2,,2,,2,,,2,,1,,,2,,1,,,2,,
1,1993,6,14,14,C,4,,2,,3,3,2,2,1,,,1,,,,,,7,,,,91,,1,,2,,1,,,1,,3,,,2,,2,,,1,,
1,1982,5,2,2,V,1,,1,,4,4,4,4,2,3,,,,,,,,,,,,,,4,,3,,4,,,3,,4,,,3,,1,,,5,,
0,1978,5,4,4,M,4,,6,,1,1,1,3,1,,,,2,,,,,,,,,3,,1,,1,,1,,,1,,4,,,3,,5,,,2,,
1,1977,5,8,8,G,4,,6,,1,1,1,1,1,,,1,,,,,6,,,,,3,,2,,1,,1,,,1,,3,,,3,,2,,,2,,
1,1973,6,4,4,S,4,,6,,1,1,3,3,1,,,,2,,,,,,,,,3,,1,,2,,1,,,95,,4,,,4,,5,,,5,,
0,1997,5,1,5,T,1,,5,,2,2,2,3,1,,,,,,,,,7,,,,1,,2,,3,,1,,,1,,3,,,4,,4,,,2,,
1,1969,6,2,2,M,2,,5,,1,1,2,2,1,,,,,,,,6,7,,,,3,,2,,2,,2,,,3,,4,,,3,,1,,,1,,
0,1998,5,7,13,T,1,,1,,4,4,4,4,2,1,,,,,,,,,,,,,,1,,3,,1,,,2,,3,,,2,,1,,,2,,
1,1976,6,2,2,M,2,,5,,2,2,2,3,2,1,,,,,,,,,,,,,,1,,3,,1,,,3,,4,,,3,,4,,,2,,
1,1962,3,15,15,S,1,,5,,1,1,3,2,2,3,,,,,,,,,,,,,,2,,2,,5,,,4,,4,,,3,,4,,,3,,
0,1966,3,2,2,U,1,,5,,4,4,4,4,2,4,,,,,,,,,,,,,,1,,3,,5,,,1,,4,,,3,,5,,,5,,
1,1987,6,2,14,O,3,,5,,1,1,3,3,1,,,,2,3,,,6,7,,,,3,,1,,1,,1,,,1,,3,,,3,,1,,,2,,
0,1955,4,8,8,Q,1,,5,,1,1,2,2,2,6,,,,,,,,,,,,,,1,,3,,1,,,4,,4,,,4,,1,,,2,,
1,1992,5,7,15,M,4,,5,,2,2,2,2,1,,,,,,,,,7,,,,91,,1,,1,,5,,,1,,4,,,3,,4,,,5,,
1,1981,6,2,1,S,2,,5,,1,1,3,3,1,,,1,,,,,,7,,,,3,,1,,2,,2,,,3,,4,,,3,,2,,,2,,
1,1993,5,15,8,S,2,,2,,1,1,2,2,1,,,,,,,,,7,,,,5,,4,,2,,5,,,3,,4,,,4,,2,,,3,,
1,1978,4,14,14,M,1,,1,,2,2,2,2,1,,,1,,,,,,,,,,1,,1,,1,,1,,,1,,1,,,1,,1,,,1,,
0,1975,5,2,2,S,1,,2,,2,1,2,1,1,,,,,3,,,,,,,,3,,1,,1,,2,,,1,,1,,,2,,1,,,1,,擁抱科技
1,1981,5,2,2,M,4,,5,,2,2,2,2,1,,,,2,,,,,,,,,5,,1,,1,,5,,,1,,3,,,3,,1,,,1,,
1,1988,5,8,10,M,2,,5,,2,2,3,3,1,,,,2,,,,,7,,,,5,,1,,3,,1,,,3,,4,,,3,,2,,,1,,
1,1995,5,11,11,A,1,,1,,1,2,2,1,1,,,,,,,,,7,,,,5,,1,,1,,1,,,2,,3,,,3,,2,,,2,,
1,1983,5,14,14,S,5,,5,,4,4,4,4,1,,,,,,4,,,7,,,,3,,1,,1,,1,,,2,,3,,,3,,2,,,1,,
1,1989,6,5,5,C,2,,2,,2,3,3,2,2,2,,,,,,,,,,,,,,2,,1,,2,,,3,,3,,,3,,4,,,2,,
1,1983,5,17,14,Q,2,,2,,2,3,2,3,2,3,,,,,,,,,,,,,,3,,1,,4,,,4,,1,,,2,,2,,,2,,
0,1968,4,2,2,C,1,,1,,2,2,2,2,1,,,,,,,,,,8,,,1,,2,,2,,1,,,1,,4,,,3,,2,,,2,,
0,1990,5,16,15,S,4,,5,,4,4,4,4,1,,,1,,,,,,7,,,,4,,1,,3,,1,,,3,,3,,,2,,2,,,1,,
0,1975,3,4,4,C,1,,5,,4,4,4,4,1,,,,,,,,,7,,,,1,,4,,3,,4,,,95,,5,,怕被傷害到身體,4,,5,,,5,,適時觀望
0,1988,5,2,2,C,1,,5,,3,3,3,3,1,,,,,,,,,7,,,,5,,2,,4,,5,,,3,,3,,,3,,1,,,1,,
0,1988,3,4,4,M,1,,1,,1,1,1,1,1,,,1,,,,,,,,,,1,,1,,1,,1,,,3,,1,,,1,,2,,,2,,
0,1996,5,4,4,C,3,,5,,1,1,2,3,1,,,,,3,,,,7,,,,4,,1,,3,,1,,,2,,3,,,3,,2,,,2,,
1,1987,5,8,8,C,1,,2,,4,4,4,4,2,1,,,,,,,,,,,,,,1,,3,,1,,,4,,4,,,2,,2,,,2,,Na
0,1998,5,8,8,C,5,,1,,2,2,2,2,2,2,,,,,,,,,,,,,,3,,3,,5,,,3,,3,,,4,,4,,,5,,
1,1978,5,8,8,O,1,,5,,2,2,2,2,1,,,,,3,,,,,,,,5,,1,,1,,1,,,1,,3,,,2,,1,,,1,,
0,1972,3,2,2,F,2,,5,,1,1,1,1,1,,,1,,,,,,,,,,5,,4,,3,,2,,,3,,3,,,4,,2,,,2,,
0,1980,5,8,8,U,1,,5,,4,4,4,4,1,,,,,3,,,,,,,,3,,1,,1,,1,,,2,,3,,,2,,1,,,1,,
0,1978,6,3,1,T,3,,5,,2,2,2,2,1,,,,,,,,6,,,,,3,,1,,2,,1,,,4,,4,,,3,,2,,,2,,
1,1978,5,8,8,O,1,,5,,4,4,4,4,1,,,,,3,,,,,,,,3,,1,,1,,1,,,2,,3,,,2,,1,,,1,,
0,1988,5,1,1,S,4,,6,,1,1,2,2,1,,,,,,,,6,7,,,,90,行動支付，有回饋,1,,2,,5,,,1,,3,,,3,,1,,,2,,
0,1968,3,1,1,U,3,,5,,1,2,1,1,1,,,1,,,4,,6,7,,,,3,,1,,3,,1,,,2,,3,,,2,,2,,,2,,
0,1992,5,14,13,S,3,,5,,2,2,2,4,1,,,,,3,,,,7,,,,3,,1,,2,,1,,,4,,5,,會增加被搶劫時被傷害的風險,3,,2,,,2,,
1,1977,6,1,1,C,2,,5,,1,1,1,1,1,,,,,,,,,7,,,,1,,1,,2,,5,,,1,,4,,,3,,2,,,1,,
0,1992,5,19,2,Q,3,,5,,2,2,2,2,1,,,,,,,,6,,,,,3,,1,,2,,2,,,4,,4,,,4,,1,,,1,,
1,1978,5,2,2,M,4,,5,,2,4,2,4,1,,,1,,,,,,7,,,,5,,2,,2,,1,,,2,,1,,,3,,2,,,2,,
1,1977,4,8,8,M,4,,6,,1,4,2,2,1,,,1,,,,,,,,,,5,,2,,2,,1,,,1,,3,,,2,,1,,,1,,
1,2001,2,1,1,F,1,,5,,4,4,4,4,2,1,,,,,,,,,,,,,,1,,3,,5,,,1,,3,,,3,,4,,,5,,
0,1990,5,2,2,C,4,,6,,1,1,2,2,1,,,,,,,,,7,,,,3,,1,,4,,1,,,2,,3,,,2,,2,,,1,,
0,1972,5,18,18,S,3,,5,,1,1,3,3,1,,,,,,,,6,7,,,,5,,2,,1,,1,,,1,,3,,,3,,2,,,5,,
1,1972,5,12,12,Q,2,,5,,2,2,2,2,2,3,,,,,,,,,,,,,,4,,2,,1,,,1,,4,,,3,,1,,,2,,
0,1995,5,2,15,S,2,,5,,1,1,2,2,1,,,,,3,,,6,7,,,,3,,2,,1,,1,,,1,,3,,,4,,1,,,1,,
1,1978,6,2,2,M,4,,2,,2,2,2,2,1,,,,,,,,6,7,,,,4,,1,,1,,1,,,1,,1,,,2,,1,,,1,,
1,1988,6,1,1,M,4,,6,,2,1,3,4,1,,,1,2,3,,,,7,,,,3,,2,,2,,4,,,4,,4,,,4,,5,,,4,,
0,1996,4,4,4,Q,1,,95,,2,2,2,2,2,4,,,,,,,,,,,,,,3,,3,,4,,,95,,4,,,3,,4,,,5,,
0,1970,5,24,24,S,1,,5,,4,4,4,4,2,3,,,,,,,,,,,,,,1,,3,,4,,,1,,3,,,3,,4,,,5,,
0,1998,5,9,9,T,1,,1,,1,2,2,3,1,,,1,,,,,,,,,,2,,2,,3,,4,,,3,,4,,,3,,1,,,1,,
1,1978,5,15,15,H,90,一卡通,5,,2,2,2,2,1,,,,,,,,,7,,,,5,,4,,3,,1,,,1,,3,,,3,,1,,,1,,
0,1994,6,8,11,T,4,,5,,1,1,2,3,1,,,,,,4,,,7,,,,3,,1,,3,,1,,,1,,5,,覺得可怕,3,,1,,,1,,
0,1976,4,15,15,S,90,一卡通,5,,2,2,2,2,2,2,,,,,,,,,,,,,,4,,4,,5,,,3,,4,,,4,,2,,,1,,
0,1970,5,24,24,S,2,,5,,1,4,2,2,1,,,1,,,,,6,7,,,,3,,1,,3,,1,,,1,,1,,,2,,1,,,1,,
1,1998,5,1,1,T,1,,5,,2,2,2,2,1,,,,,,,,,7,,,,5,,1,,3,,1,,,90,被綁架或身體無法自由行動時的情況，無法想像,4,,,4,,2,,,1,,
1,1997,5,6,6,T,3,,1,,3,3,3,3,1,,,,,,4,,,,,,,5,,3,,3,,5,,,3,,3,,,3,,5,,,2,,
1,1999,4,7,7,T,4,,1,,3,3,3,3,1,,,,,3,,,,,,,,3,,1,,1,,5,,,2,,1,,,1,,2,,,1,,
0,1995,3,15,15,S,1,,1,,2,2,2,3,2,2,,,,,,,,,,,,,,3,,3,,5,,,3,,4,,,3,,2,,,2,,
0,1994,5,15,9,M,4,,5,,2,2,2,4,1,,,1,,,,,,7,,,,3,,1,,3,,5,,,3,,4,,,4,,1,,,1,,
1,1974,3,8,8,V,2,,1,,2,4,1,1,1,,,1,,3,,,6,,,,,2,,3,,1,,2,,,2,,1,,,2,,4,,,2,,擁抱科技
0,1984,5,14,14,Q,2,,5,,3,3,3,3,1,,,,,,,,,7,,,,3,,1,,3,,5,,,3,,4,,,3,,2,,,1,,
1,1974,4,15,15,A,1,,5,,2,2,2,2,1,,,,,3,,,,,,,,1,,2,,3,,5,,,1,,4,,,2,,1,,,5,,
0,1981,3,14,14,O,5,,5,,2,2,2,2,1,,,,,3,,,,7,,,,5,,1,,2,,1,,,4,,4,,,3,,1,,,2,,
0,1983,5,15,15,S,3,,5,,4,4,4,4,2,3,,,,,,,,,,,,,,4,,4,,5,,,3,,3,,,4,,4,,,5,,
0,1989,5,5,5,V,1,,5,,4,4,4,4,2,5,,,,,,,,,,,,,,4,,3,,5,,,1,,5,,非必要我還是習慣現金支付,3,,5,,,5,,
0,1981,5,2,2,U,4,,5,,2,2,2,2,1,,,,,,,,,7,,,,3,,2,,1,,5,,,3,,4,,,4,,1,,,1,,
1,1982,5,2,2,S,4,,5,,2,2,2,2,1,,,,,3,4,,6,7,,,,5,,2,,3,,5,,,3,,4,,,3,,2,,,4,,
1,1992,5,15,15,H,4,,6,,1,1,3,3,1,,,,,,,,6,7,,,,3,,1,,1,,1,,,2,,3,,,3,,1,,,2,,
0,1978,6,2,2,U,4,,5,,1,1,3,3,1,,,,,3,,,6,7,,,,3,,1,,2,,1,,,1,,1,,,3,,1,,,2,,
1,1975,4,5,5,M,1,,5,,4,4,4,4,2,5,,,,,,,,,,,,,,2,,3,,5,,,4,,4,,,3,,4,,,5,,
1,1982,6,6,4,M,4,,5,,1,1,2,3,1,,,,,3,,,6,,,,,3,,1,,1,,1,,,2,,1,,,1,,1,,,1,,
0,1985,4,2,2,S,3,,1,,3,2,1,1,1,,,,,,,,6,7,,,,3,,1,,3,,2,,,3,,4,,,3,,2,,,2,,
0,1994,5,12,12,Q,2,,1,,4,4,4,4,1,,,,,,,,,7,,,,91,,2,,4,,5,,,1,,3,,,3,,4,,,5,,
1,1950,5,1,1,O,4,,6,,2,1,2,3,1,,,,,3,,,,7,,,,3,,3,,2,,2,,,95,,1,,,2,,2,,,3,,
0,1973,4,14,14,S,5,,5,,1,2,2,3,2,1,,,,,,,,,,,,,,3,,4,,5,,,3,,4,,,3,,2,,,1,,
0,1986,3,15,15,S,4,,5,,2,2,2,3,1,,,,,3,4,,,7,8,,,3,,1,,1,,1,,,95,,3,,,3,,2,,,2,,我會適時觀望，只要有足夠的安全性，為了生活方便我還是會嘗試
1,1982,5,2,2,S,1,,5,,3,3,3,3,1,,,,,,,,6,7,,,,4,,1,,2,,1,,,1,,4,,,3,,1,,,1,,
1,1979,5,4,4,M,2,,5,,3,3,3,3,1,,,,2,3,4,,6,7,,,,91,,1,,2,,1,,,1,,3,,,2,,2,,,2,,
1,1996,6,14,14,M,1,,1,,2,2,1,3,2,6,,,,,,,,,,,,,,1,,3,,1,,,2,,1,,,3,,2,,,2,,
1,1985,6,16,16,A,1,,2,,3,1,1,3,1,,,,,,,,6,7,,,,4,,1,,1,,1,,,1,,1,,,1,,1,,,1,,
1,2001,6,2,2,J,4,,95,,1,1,2,2,1,,,,2,3,,,6,7,,,,5,,2,,2,,2,,,90,如果有人拿NFC的感應器容易盜刷,5,,有疑慮,4,,2,,,5,,視情況而定，需自行判斷，而非盲目擁抱或拒絕新科技
0,1982,5,7,7,M,1,,5,,3,3,3,3,1,,,,,3,,,6,7,,,,91,,1,,1,,1,,,1,,5,,我怕痛,2,,2,,,1,,
0,1982,4,14,14,S,1,,5,,1,1,1,3,1,,,,,3,,,,,,90,新光三越PAY,90,信用卡,4,,4,,5,,,90,這也會變成監控的一種方式,5,,這也會變成監控的一種方式,3,,2,,,5,,
1,1960,5,2,2,S,3,,5,,2,3,1,1,1,,,,,,,,,7,,,,4,,2,,4,,1,,,1,,4,,,3,,2,,,5,,很棒
1,1964,4,14,14,M,4,,5,,2,2,2,4,1,,,,,,4,,,,,,,5,,1,,1,,2,,,3,,4,,,3,,1,,,2,,
0,1984,5,3,3,M,4,,95,,1,1,2,2,1,,,1,,,4,,6,7,,,,3,,1,,3,,2,,,1,,3,,,3,,2,,,1,,擁抱科技
0,1995,5,16,16,J,2,,5,,2,2,2,2,1,,,1,,,,,,7,,,,5,,1,,90,差不多,1,,,95,,3,,,3,,2,,,1,,
1,1980,6,2,2,G,2,,5,,1,1,3,2,1,,,1,,,,,,7,,,,91,,1,,4,,5,,,1,,4,,,3,,1,,,1,,
1,1981,5,14,14,S,4,,5,,4,1,2,2,1,,,,,,,,6,7,8,,,3,,1,,2,,1,,,1,,4,,,3,,2,,,1,,
0,1996,5,15,15,T,2,,5,,3,3,2,4,1,,,1,,,,,,7,,,,4,,2,,3,,5,,,1,,3,,,2,,5,,,90,未來趨勢，畢竟人就是因為懶惰才有科技，且行動支付的利大於弊。,保持開放的心態，同時質疑它，好壞自己衡量~
0,1992,5,4,4,C,1,,1,,2,2,2,4,2,1,,,,,,,,,,,,,,1,,3,,5,,,95,,4,,,4,,1,,,5,,
1,1970,4,4,4,C,1,,2,,2,2,2,1,2,1,,,,,,,,,,,,,,1,,3,,1,,,1,,3,,,3,,1,,,1,,
0,1994,5,1,15,R,4,,5,,2,3,3,3,1,,,1,,3,,,6,7,,,,3,,1,,3,,5,,,95,,3,,,3,,1,,,1,,
1,1981,5,14,14,M,1,,1,,1,4,3,3,2,3,,,,,,,,,,,,,,1,,3,,1,,,1,,3,,,2,,2,,,2,,
1,1993,5,13,13,V,1,,1,,1,1,2,3,2,90,沒有信用卡,,,,,,,,,,,,,2,,2,,2,,,95,,4,,,4,,1,,,3,,
1,1986,5,8,15,M,1,,5,,4,3,3,1,2,1,,,,,,,,,,,,,,3,,3,,5,,,1,,4,,,4,,2,,,5,,
1,1985,6,4,2,M,1,,1,,3,3,3,3,2,5,,,,,,,,,,,,,,4,,3,,5,,,1,,4,,,3,,2,,,3,,
1,1961,5,2,2,R,2,,5,,3,3,3,3,1,,,,,,,,,7,,,,5,,1,,2,,2,,,4,,4,,,3,,1,,,1,,
0,1994,5,2,13,Q,4,,5,,1,4,2,2,1,,,1,,,,,6,,,,,5,,1,,1,,5,,,3,,4,,,3,,2,,,1,,
1,1981,5,14,15,S,2,,5,,4,3,2,2,1,,,,,3,,,,,,,,5,,2,,4,,5,,,4,,4,,,3,,2,,,4,,
1,1983,5,8,9,S,2,,5,,2,3,2,2,1,,,,,,,,,7,,,,5,,2,,1,,1,,,1,,3,,,3,,1,,,2,,
0,1993,5,19,19,S,4,,95,,2,2,2,2,1,,,,2,,,,,7,,,,5,,1,,90,不知道,5,,,95,,5,,感覺很奇怪,3,,4,,,5,,
1,1995,6,15,15,T,1,,1,,4,4,4,4,2,3,,,,,,,,,,,,,,2,,3,,5,,,1,,3,,,3,,2,,,5,,
1,1985,5,8,8,C,1,,1,,2,3,2,3,2,90,不想過度依賴電子產品,,,,,,,,,,,,,1,,1,,1,,,1,,3,,,3,,1,,,3,,
1,1977,5,7,7,M,1,,5,,3,3,3,3,2,2,,,,,,,,,,,,,,2,,4,,5,,,1,,4,,,3,,2,,,2,,
0,1998,5,10,10,Q,1,,1,,4,4,4,4,2,2,,,,,,,,,,,,,,90,理論上是方便的，但如果在無法使用行動支付的店家就比較麻煩,1,,5,,,2,,1,,,2,,2,,,3,,
0,1970,5,24,24,S,4,,6,,1,1,3,3,1,,,,,,,,,7,,,,3,,2,,1,,1,,,4,,3,,,3,,2,,,2,,
1,1977,5,5,5,S,2,,5,,2,2,2,2,2,4,,,,,,,,,,,,,,1,,3,,5,,,3,,4,,,4,,1,,,5,,
0,1976,6,13,13,P,2,,5,,1,1,1,1,1,,,,,,,,,7,,,,3,,2,,1,,5,,,1,,3,,,1,,1,,,2,,
1,1983,6,13,13,M,2,,5,,2,2,2,3,1,,,,,3,,,,,,,,3,,1,,2,,2,,,2,,3,,,3,,4,,,2,,
0,1984,5,14,14,S,5,,5,,1,4,2,4,1,,,,,,,,,7,,,,3,,1,,1,,1,,,1,,3,,,3,,4,,,3,,
0,1981,6,13,13,P,4,,5,,1,1,3,3,1,,,,,,4,,6,7,,,,5,,2,,2,,5,,,1,,3,,,3,,2,,,5,,
1,1988,6,8,8,O,4,,5,,1,1,2,2,1,,,1,,,,,,7,,,,3,,1,,2,,1,,,1,,4,,,3,,1,,,1,,
1,1971,6,8,8,P,4,,5,,2,2,2,2,1,,,,,3,,,,,,,,3,,1,,4,,1,,,1,,1,,,1,,1,,,1,,
1,1990,6,4,4,M,90,行動支付,5,,1,1,2,2,1,,,,,,,,6,7,,,,3,,1,,3,,1,,,1,,1,,,3,,2,,,2,,
0,1974,3,4,4,U,90,愛金卡,95,,2,2,2,2,2,1,,,,,,,,,,,,,,4,,3,,4,,,3,,4,,,4,,1,,,3,,
0,1989,5,1,1,V,2,,95,,3,3,3,2,1,,,,2,,,,,7,,,,5,,2,,3,,5,,,1,,3,,,3,,1,,,90,行動支付需要電，停電沒網路時依然需要傳統支付的存在,
1,1976,4,2,2,S,2,,5,,1,1,2,2,1,,,,,3,,,,,,,,91,,1,,2,,1,,,3,,4,,,3,,2,,,1,,
1,1966,3,2,2,S,5,,5,,2,2,2,2,1,,,,,,,,,7,,,,2,,1,,2,,1,,,95,,3,,,2,,2,,,2,,科技不斷進步，要學習適應
0,1988,5,2,2,S,5,,95,,4,4,4,4,2,1,,,,,,,,,,,,,,90,有好有壞,3,,5,,,2,,4,,,4,,1,,,2,,
1,1979,6,15,14,P,2,,5,,2,2,3,3,1,,,1,2,3,,,,,,,,5,,1,,4,,1,,,1,,4,,,3,,1,,,2,,
1,1970,4,4,4,N,1,,95,,4,4,4,4,2,3,,,,,,,,,,,,,,3,,3,,5,,,1,,4,,,3,,5,,,5,,
0,1978,4,15,15,S,3,,5,,2,2,2,2,1,,,,,,,,,7,,,,5,,3,,2,,1,,,2,,3,,,3,,4,,,2,,
0,1994,5,15,15,O,4,,1,,1,1,3,3,1,,,,2,,,,,,,,,4,,3,,1,,2,,,3,,3,,,3,,1,,,1,,
0,1996,5,8,8,T,1,,95,,4,3,1,2,2,1,,,,,,,,,,,,,,1,,3,,1,,,2,,3,,,4,,1,,,2,,
1,1970,5,2,2,W,1,,5,,1,4,4,4,2,6,,,,,,,,,,,,,,3,,3,,1,,,1,,3,,,3,,1,,,2,,
0,1987,5,15,15,S,90,行動支付,90,行動支付,1,1,3,3,1,,,1,,3,4,,,7,,,,3,,1,,2,,2,,,1,,4,,,4,,1,,,1,,
1,1984,3,4,4,C,1,,2,,2,2,2,2,1,,,,,3,4,,,,,,,1,,1,,1,,2,,,2,,1,,,1,,1,,,2,,
1,1981,4,8,8,C,1,,5,,3,3,2,3,1,,,,2,,,,,7,,,,5,,1,,1,,1,,,1,,3,,,3,,2,,,2,,
0,1978,3,1,1,S,3,,5,,1,1,2,3,2,1,,,,,,,,,,,,,,1,,90,怕掉手機,1,,,3,,4,,,4,,2,,,1,,
1,1981,5,1,1,S,1,,95,,4,4,4,4,2,5,,,,,,,,,,,,,,2,,2,,4,,,1,,4,,,3,,2,,,5,,
0,1990,5,4,4,S,1,,1,,1,1,2,1,1,,,,2,,,,,,,,,1,,1,,1,,1,,,2,,1,,,1,,4,,,1,,
0,1992,5,2,2,S,3,,5,,2,2,2,2,1,,,,,,,,,7,,,,3,,2,,2,,1,,,3,,4,,,3,,1,,,2,,
1,1985,6,2,2,S,2,,5,,2,1,2,3,2,5,,,,,,,,,,,,,,2,,2,,1,,,2,,1,,,2,,2,,,1,,
0,1981,5,15,15,U,4,,5,,1,1,3,3,1,,,1,,,,,6,7,,,,3,,1,,1,,1,,,1,,3,,,4,,1,,,1,,
0,1993,5,2,2,V,1,,1,,4,4,4,4,2,2,,,,,,,,,,,,,,3,,4,,2,,,3,,4,,,3,,1,,,1,,
0,1987,5,2,2,M,4,,5,,3,3,3,3,1,,,,,,,,6,7,,,,3,,1,,3,,1,,,95,,4,,,3,,2,,,2,,
1,1990,4,8,8,C,1,,5,,1,1,1,1,1,,,,,,,,,7,,,,2,,2,,3,,5,,,1,,4,,,3,,4,,,1,,
1,1966,4,8,8,W,1,,95,,4,2,2,2,1,,,,2,,,,,,,,,1,,1,,3,,5,,,3,,4,,,4,,4,,,2,,
0,1987,5,8,5,S,4,,95,,1,1,3,2,1,,,,,3,,,6,7,,,,5,,1,,1,,1,,,1,,4,,,4,,1,,,2,,
0,1971,4,4,4,F,1,,5,,1,1,1,1,2,6,,,,,,,,,,,,,,3,,3,,5,,,3,,4,,,3,,2,,,1,,
1,1981,4,7,7,M,2,,5,,1,1,2,3,1,,,,,3,,,,7,,,,5,,1,,2,,1,,,3,,3,,,2,,1,,,1,,
0,1978,5,18,18,M,1,,5,,4,3,3,4,1,,,,,,,,,7,,,,2,,1,,3,,1,,,1,,5,,感覺很危險,3,,1,,,5,,
0,1975,5,8,8,S,3,,5,,2,2,2,3,1,,,,,,,,,,,90,XPERIA,5,,90,先麻煩(設定)後方便,3,,5,,,95,,4,,,2,,4,,,90,未來趨勢，但我也不樂見紙幣被淘汰,
1,1987,6,5,8,M,4,,5,,3,3,3,3,1,,,,2,3,4,,6,7,,,,3,,1,,1,,1,,,1,,5,,擔心未來如果技術進步，舊的晶片無法支援,3,,2,,,2,,
0,1986,5,2,2,S,2,,5,,4,4,4,4,2,90,太多PAY...沒有一家可以全部店家都能消費，這樣會要下載好幾個PAY，自我管理上不易,,,,,,,,,,,,,1,,2,,2,,,90,痛...怕植入物傷身,5,,痛..怕植入物傷身,3,,4,,,2,,
0,1939,1,8,14,U,1,,1,,4,4,4,4,2,6,,,,,,,,,,,,,,3,,2,,5,,,4,,4,,,2,,2,,,1,,
1,1982,5,8,8,G,3,,5,,2,2,2,2,1,,,,,,4,,,7,,,,3,,2,,3,,4,,,3,,4,,,3,,5,,,1,,
1,1983,6,2,1,M,4,,5,,4,4,4,4,1,,,,,3,,,,7,,,,3,,1,,1,,2,,,95,,4,,,3,,2,,,1,,
0,1994,5,1,19,M,4,,6,,1,1,1,2,1,,,1,,,,,,7,,,,3,,1,,3,,1,,,1,,3,,,3,,2,,,1,,
1,1993,5,2,2,S,1,,95,,3,3,3,2,2,2,,,,,,,,,,,,,,2,,4,,5,,,1,,4,,,4,,4,,,3,,
0,1976,2,2,2,I,1,,1,,3,3,3,3,2,1,,,,,,,,,,,,,,3,,3,,4,,,1,,4,,,4,,5,,,4,,
0,1983,3,8,8,V,1,,5,,1,2,1,3,2,4,,,,,,,,,,,,,,3,,3,,5,,,3,,3,,,3,,4,,,3,,適時觀望
0,1982,5,1,10,S,4,,5,,2,2,2,2,1,,,,,,,,,7,,,,5,,1,,3,,4,,,1,,3,,,3,,1,,,2,,
0,1978,5,1,1,S,90,PI錢包,5,,1,1,1,1,1,,,,,,4,,,7,,,,1,,2,,2,,1,,,1,,4,,,3,,1,,,2,,
0,1986,5,11,12,S,3,,5,,2,2,2,2,1,,,,,,,,,7,,,,5,,2,,2,,2,,,3,,3,,,4,,2,,,1,,
1,1995,6,8,8,T,2,,2,,3,3,2,2,1,,,1,,,,,,,,,,3,,2,,1,,1,,,2,,3,,,3,,1,,,2,,
1,1986,6,8,8,Q,2,,5,,1,1,3,3,1,,,,2,,,,,,,,,3,,1,,1,,2,,,1,,3,,,4,,2,,,2,,
1,1996,5,14,14,O,4,,5,,3,3,3,3,1,,,,,,,,,7,,,,5,,3,,4,,1,,,1,,3,,,3,,5,,,3,,
1,1989,5,14,14,S,2,,95,,1,1,1,3,1,,,,,,,,6,7,,,,5,,2,,2,,5,,,1,,4,,,3,,4,,,4,,
0,1972,6,24,14,O,3,,5,,4,4,4,4,2,6,,,,,,,,,,,,,,4,,4,,1,,,1,,4,,,3,,2,,,1,,
0,1983,3,4,4,R,5,,5,,3,3,3,2,1,,,1,,3,,,,7,,,,5,,2,,2,,5,,,1,,3,,,3,,2,,,5,,
0,1984,3,15,15,U,4,,6,,2,2,2,2,1,,,,,,,,6,7,,,,3,,1,,1,,1,,,1,,1,,,1,,1,,,1,,
1,1970,5,2,2,N,1,,2,,2,2,2,3,2,2,,,,,,,,,,,,,,4,,3,,4,,,4,,5,,怕行搶被剁手,4,,1,,,2,,
0,1973,4,13,13,F,2,,5,,2,2,2,2,1,,,,,3,,,6,,,,,4,,1,,2,,4,,,1,,1,,,2,,2,,,1,,
0,1964,3,14,14,U,4,,5,,4,4,4,4,1,,,,,,4,,,,,,,5,,2,,2,,2,,,1,,3,,,3,,1,,,5,,
1,1981,6,4,4,M,3,,5,,1,1,1,1,1,,,,,,,5,6,7,,,,4,,2,,2,,2,,,2,,1,,,2,,2,,,2,,
1,1982,5,15,15,S,2,,1,,2,2,2,3,2,1,,,,,,,,,,,,,,2,,3,,2,,,3,,3,,,2,,4,,,3,,
1,1968,5,1,1,M,2,,5,,2,2,2,2,2,1,,,,,,,,,,,,,,3,,3,,4,,,3,,4,,,4,,5,,,3,,
0,1978,6,1,1,S,4,,5,,3,3,3,3,1,,,,,,,,,,,90,全聯PX Pay; 全家便利商店Fami 錢包,5,,3,,3,,1,,,4,,5,,不喜歡被值入侵入式晶片,3,,2,,,2,,
1,1984,6,9,9,M,4,,5,,2,2,2,2,1,,,,,,,,6,7,,,,5,,1,,1,,1,,,3,,4,,,3,,2,,,2,,
0,1977,6,1,1,S,5,,2,,2,2,2,2,1,,,,,,,,6,,,,,3,,1,,3,,5,,,1,,4,,,3,,1,,,4,,
1,1996,5,1,5,R,1,,1,,2,2,3,3,1,,,,,,,,,7,,,,3,,1,,90,沒意見,1,,,3,,3,,,3,,2,,,1,,
1,1969,4,2,2,M,1,,5,,4,4,4,2,2,1,,,,,,,,,,,,,,1,,4,,5,,,1,,4,,,3,,1,,,3,,
0,1993,5,14,14,P,4,,5,,1,1,2,2,1,,,1,,3,,,,7,,,,3,,2,,1,,4,,,1,,3,,,3,,2,,,1,,
0,1992,6,1,1,F,3,,5,,1,1,2,3,1,,,1,,3,,,6,7,,,,3,,1,,4,,1,,,2,,1,,,3,,2,,,2,,只要保護到資安 覺得行動支付超讚
1,1987,6,4,4,M,4,,5,,1,1,2,2,1,,,,,,4,,6,,,,,3,,1,,1,,1,,,1,,4,,,3,,2,,,1,,
0,1985,6,14,14,U,3,,5,,4,4,4,4,2,1,,,,,,,,,,,,,,4,,3,,5,,,1,,4,,,2,,1,,,1,,
0,1997,6,14,14,T,2,,95,,2,2,2,2,1,,,,,,,,,7,,,,1,,2,,1,,6,,有些人沒有手機或是手機無網路,2,,3,,,4,,2,,,1,,
0,1998,5,5,5,V,1,,6,,2,2,2,3,1,,,1,,,,,,,,,,4,,1,,1,,1,,,4,,5,,在身體植入晶片的感覺很噁心,3,,2,,,1,,
0,1997,5,15,15,Q,5,,2,,3,3,3,3,2,1,,,,,,,,,,,,,,4,,2,,1,,,3,,4,,,4,,2,,,1,,
0,1992,5,14,14,S,3,,2,,2,2,2,3,1,,,,,,,,,7,,,,2,,1,,4,,5,,,4,,4,,,3,,2,,,1,,
0,1980,5,8,8,G,1,,5,,1,1,1,1,1,,,1,,,,,,,,,,1,,1,,1,,1,,,1,,1,,,1,,1,,,1,,
1,1984,5,2,2,M,4,,6,,1,1,3,2,1,,,,,,,,6,,,,,3,,1,,1,,2,,,3,,4,,,3,,1,,,1,,
1,1982,6,2,19,M,4,,5,,1,1,3,2,1,,,,,,,,,7,,,,3,,2,,3,,2,,,1,,3,,,3,,2,,,2,,
0,1973,5,1,1,M,2,,5,,1,1,1,1,1,,,1,,,4,,,7,,,,3,,1,,1,,1,,,1,,1,,,2,,1,,,1,,
1,1955,3,8,8,W,1,,1,,3,3,3,2,2,3,,,,,,,,,,,,,,1,,1,,5,,,3,,3,,,3,,2,,,3,,
1,1978,5,15,15,S,3,,5,,3,3,2,3,1,,,,,,,,,7,,,,5,,1,,3,,5,,,3,,4,,,4,,1,,,4,,
1,1978,5,2,2,C,1,,5,,1,3,1,2,1,,,,2,,,,6,7,,,,2,,2,,90,有安全也兼具危險,2,,,2,,2,有晶片是個人的行動便利購,,3,,2,,,2,,
0,1992,5,15,15,M,1,,1,,4,4,4,4,2,1,,,,,,,,,,,,,,2,,3,,5,,,4,,5,,可怕,4,,2,,,3,,
1,1994,6,2,2,F,1,,2,,1,1,2,3,2,2,,,,,,,,,,,,,,1,,3,,1,,,3,,3,,,3,,2,,,5,,
0,1987,5,4,11,S,4,,5,,1,1,1,1,1,,,,,,,,,7,,,,3,,1,,1,,1,,,1,,3,,,2,,1,,,1,,
0,2000,5,4,4,T,2,,95,,4,3,2,3,2,5,,,,,,,,,,,,,,1,,3,,5,,,3,,4,,,3,,2,,,1,,
0,1950,2,13,13,U,4,,6,,1,1,2,2,1,,,,,,,,,7,,,,3,,2,,1,,2,,,3,,4,,,4,,4,,,4,,
1,2000,3,,4,T,1,,1,,2,2,1,3,1,,,1,,,,,,,,,,1,,1,,1,,4,,,1,,3,,,2,,1,,,1,,
0,1985,5,16,16,S,1,,5,,1,2,2,3,1,,,,,,,,,7,,,,5,,1,,4,,1,,,2,,3,,,2,,2,,,2,,無
0,1993,5,14,14,O,1,,1,,1,2,2,4,2,2,,,,,,,,,,,,,,2,,3,,5,,,1,,4,,,3,,1,,,3,,
1,1990,5,15,15,I,4,,95,,1,1,3,2,1,,,,2,,,,,7,,,,3,,2,,2,,2,,,95,,4,,,4,,2,,,2,,
1,1996,5,13,13,K,4,,5,,1,1,2,2,1,,,1,,3,,,,7,,,,3,,1,,1,,4,,,95,,4,,,3,,2,,,5,,
0,1996,5,2,2,V,1,,1,,3,3,2,2,1,,,,,,,,,,,90,橘子支付,5,,2,,3,,1,,,1,,1,,,2,,2,,,1,,
1,1975,6,8,11,S,2,,5,,1,1,1,1,1,,,,,,,,,7,,,,4,,2,,1,,1,,,1,,4,,,4,,1,,,2,,
1,1990,6,2,2,S,5,,5,,3,3,3,2,1,,,,,,4,,6,,,,,3,,2,,2,,1,,,3,,4,,,4,,1,,,1,,
1,1984,6,2,2,T,2,,5,,1,1,2,2,1,,,1,,,,,,7,,,,91,,1,,4,,5,,,95,,4,,,3,,2,,,2,,目前台灣各金融業支付太過紛亂，也是台灣行動支付無法大步邁向前的原因。
0,1987,5,2,2,S,95,,5,,1,1,1,1,2,1,,,,,,,,,,,,,,1,,4,,4,,,95,,4,,,4,,1,,,5,,
0,1989,6,15,15,M,3,,5,,2,2,2,2,1,,,1,2,,,,6,7,,,,3,,1,,1,,1,,,2,,1,,,2,,2,,,1,,
0,1990,5,8,10,M,1,,5,,3,3,3,3,1,,,,,3,,,,7,,,,5,,2,,3,,5,,,1,,4,,,3,,2,,,1,,
1,1961,5,15,15,W,1,,5,,1,1,1,1,1,,,,,,,,,,,90,全聯,3,,2,,1,,1,,,1,,3,,,3,,2,,,1,,
0,1986,5,2,2,M,2,,2,,1,1,3,3,1,,,,,3,,,6,7,,,,3,,1,,2,,1,,,3,,3,,,3,,4,,,3,,
1,1989,3,9,9,V,1,,1,,2,2,1,1,1,,,1,2,,,,,7,,,,1,,3,,3,,1,,,1,,3,,,2,,2,,,2,,
0,1995,6,2,2,V,2,,1,,3,3,3,2,1,,,,,,,,,7,,,,2,,3,,3,,4,,,1,,4,,,3,,4,,,3,,
1,1987,5,11,11,C,2,,5,,3,3,3,3,1,,,,,3,,,,,,,,4,,2,,3,,1,,,2,,4,,,3,,1,,,2,,
1,1984,5,2,2,C,2,,5,,3,3,3,3,1,,,1,2,3,,,,7,,,,1,,1,,3,,5,,,95,,4,,,4,,1,,,1,,
1,1981,5,4,2,M,2,,5,,2,2,2,3,1,,,,,,,,6,7,8,,,5,,2,,3,,1,,,1,,3,,,4,,1,,,1,,
0,1973,3,2,2,S,1,,1,,1,4,1,1,2,1,,,,,,,,,,,,,,1,,3,,1,,,2,,1,,,3,,4,,,3,,
0,1974,3,1,1,S,1,,5,,4,4,4,4,2,4,,,,,,,,,,,,,,4,,3,,5,,,95,,4,,,4,,4,,,4,,
1,1996,5,2,2,Q,3,,5,,3,3,3,3,1,,,,2,3,4,,6,7,,,,3,,1,,3,,1,,,1,,3,,,2,,1,,,2,,
0,1983,5,2,2,S,90,Icash,5,,1,2,1,2,2,1,,,,,,,,,,,,1,,1,,3,,4,,,2,,3,,,3,,1,,,4,,
0,1994,5,4,20,V,1,,95,,2,2,3,3,2,90,有想用但還沒去研究怎麼用,,,,,,,,,,,,,3,,3,,1,,,3,,3,,,3,,2,,,2,,
1,1989,5,8,8,F,1,,1,,1,4,4,4,1,,,1,,,,,,,,,,1,,1,,2,,1,,,2,,1,,,2,,1,,,1,,
0,2000,5,15,20,T,1,,90,金融卡,2,2,2,3,2,3,,,,,,,,,,,,,,2,,2,,4,,,1,,3,,,2,,1,,,3,,
0,1983,5,12,12,I,2,,5,,1,3,2,3,1,,,,,3,,,,7,,,,3,,1,,3,,1,,,1,,4,,,3,,1,,,1,,
1,1976,3,4,4,S,1,,2,,2,2,3,2,1,,,,,,,,6,,,,,1,,4,,4,,5,,,95,,4,,,4,,5,,,5,,
0,1994,5,2,2,T,1,,5,,1,1,2,2,1,,,,,,,,,7,,,,5,,1,,3,,5,,,1,,4,,,3,,1,,,1,,
0,1971,6,4,1,U,1,,5,,2,2,2,2,2,2,,,,,,,,,,,,,,4,,3,,4,,,1,,4,,,4,,4,,,3,,
0,1995,5,2,21,T,1,,1,,1,1,3,3,2,2,,,,,,,,,,,,,,3,,3,,5,,,3,,4,,,3,,2,,,1,,
1,1983,6,8,8,K,2,,5,,2,2,2,2,1,,,,,3,,,,7,,,,5,,1,,1,,1,,,1,,1,,,3,,1,,,2,,
0,1990,5,8,9,U,1,,5,,2,2,2,3,1,,,,,,,,,7,,,,2,,1,,3,,5,,,95,,4,,,4,,1,,,2,,
1,1972,4,5,5,M,1,,95,,4,4,4,4,2,2,,,,,,,,,,,,,,3,,3,,1,,,1,,4,,,3,,5,,,2,,
0,1998,5,5,4,T,1,,1,,1,1,2,2,1,,,,,,,,,7,,,,5,,1,,3,,5,,,2,,3,,,3,,2,,,5,,
0,1985,6,1,2,M,2,,5,,4,4,4,4,1,,,,,,,,,7,,,,1,,1,,1,,1,,,1,,3,,,3,,2,,,2,,
0,1985,6,1,14,M,2,,5,,1,1,3,2,1,,,,,,,,,7,,,,5,,1,,90,沒特別感覺,5,,,95,,4,,,3,,2,,,1,,
1,1985,5,2,2,S,95,,6,,1,1,2,3,1,,,,2,,,,6,7,,,,5,,2,,3,,1,,,1,,3,,,2,,1,,,5,,
1,1984,5,15,15,O,1,,5,,2,2,2,2,1,,,,,3,,,6,7,,,,3,,1,,1,,1,,,3,,4,,,4,,4,,,2,,
0,1985,5,4,4,S,1,,1,,4,4,4,4,2,6,,,,,,,,,,,,,,3,,3,,5,,,2,,3,,,3,,2,,,5,,
1,2019,6,2,2,J,2,,5,,4,4,4,4,2,2,,,,,,,,,,,,,,3,,1,,2,,,1,,1,,,4,,2,,,5,,
0,1987,6,4,4,M,1,,95,,1,1,3,2,2,1,,,,,,,,,,,,,,1,,3,,4,,,1,,5,,怕痛,4,,1,,,2,,
1,1976,4,2,2,V,5,,5,,2,2,1,2,2,4,,,,,,,,,,,,,,3,,3,,5,,,3,,4,,,3,,4,,,5,,
1,1985,6,9,9,P,4,,5,,1,2,3,3,1,,,1,,,4,,,7,,,,3,,1,,1,,1,,,1,,4,,,2,,2,,,1,,
1,1985,5,9,9,C,1,,95,,1,1,2,3,2,2,,,,,,,,,,,,,,4,,3,,5,,,3,,3,,,3,,1,,,3,,
1,1984,5,15,15,Q,4,,5,,3,2,2,2,1,,,,,,,,6,7,,,,5,,3,,3,,5,,,95,,4,,,4,,4,,,5,,
0,1991,5,2,2,S,1,,1,,1,3,2,2,2,2,,,,,,,,,,,,,,2,,3,,1,,,4,,4,,,4,,2,,,1,,
1,1991,6,5,8,M,4,,6,,3,3,2,2,1,,,,2,,,,6,7,,,,3,,1,,1,,1,,,1,,4,,,3,,1,,,1,,
0,1985,5,2,2,U,4,,5,,4,2,2,2,1,,,,,3,4,,,7,,,,90,行動支付還有回饋,2,,2,,1,,,95,,5,,不會，完全不考慮,4,,2,,,1,,
1,1989,5,13,13,V,1,,1,,2,2,2,2,2,4,,,,,,,,,,,,,,1,,1,,1,,,2,,3,,,3,,2,,,1,,
1,1992,5,8,8,I,1,,1,,1,1,2,2,2,3,,,,,,,,,,,,,,1,,2,,1,,,1,,3,,,2,,2,,,2,,
1,1989,5,8,8,K,1,,1,,4,4,4,4,2,6,,,,,,,,,,,,,,1,,3,,5,,,95,,3,,,3,,5,,,1,,
1,1984,5,2,2,V,2,,5,,2,2,3,3,1,,,,,,,,,7,,,,5,,2,,4,,5,,,4,,4,,,4,,1,,,1,,
1,1972,6,13,13,M,3,,6,,3,2,3,1,1,,,,,3,,,6,,,,,4,,2,,2,,5,,,2,,1,,,2,,2,,,1,,
1,1986,5,16,16,M,1,,95,,2,2,2,2,2,5,,,,,,,,,,,,,,4,,3,,5,,,2,,4,,,2,,2,,,3,,新科技  新病毒  ?
0,1998,5,1,9,T,1,,1,,4,4,4,3,1,,,1,,,,,,7,,,,5,,1,,3,,1,,,1,,4,,,3,,1,,,2,,
0,1986,5,15,15,P,90,icash2.0,5,,3,3,3,2,2,1,,,,,,,,,,,,,,90,會讓他人知道你的蔡財務狀況,3,,6,,沒錢的人怎麼辦,4,,5,,這樣就不能秀美麗的錢包了！,3,,2,,,5,,觀望
0,1970,5,24,24,S,4,,5,,2,2,2,2,1,,,,,,,,,7,,,,3,,2,,3,,5,,,2,,3,,,2,,2,,,2,,
1,1983,3,8,11,I,4,,6,,1,2,3,3,1,,,1,,,,,,7,,,,3,,1,,1,,1,,,3,,4,,,4,,4,,,4,,
1,1994,5,2,2,M,3,,95,,2,2,2,3,1,,,,,,,,,,,90,悠遊卡,5,,2,,3,,5,,,90,有心人士有盜刷盜用的風險,4,,,2,,2,,,5,,
1,1983,6,15,15,M,4,,5,,3,3,3,2,1,,,,,3,,,,,,,,3,,2,,2,,2,,,2,,1,,,2,,2,,,2,,
0,1975,4,1,1,K,3,,5,,2,2,3,3,1,,,,,3,,,6,7,,,,3,,2,,90,各半,1,,,4,,5,,怪怪的,2,,2,,,2,,
1,1954,4,16,15,M,1,,1,,4,4,4,4,1,,,,,,,,,7,,,,1,,1,,3,,4,,,3,,3,,,3,,1,,,1,,
0,1983,5,8,8,S,4,,5,,1,1,2,2,1,,,,,,,,6,7,,,,3,,1,,3,,1,,,95,,3,,,3,,1,,,2,,
0,1983,6,5,5,C,4,,5,,2,2,3,3,2,90,忘記帶手機的機率高於錢包,,,,,,,,,,,,,90,對我來說麻煩跟方便的程度差不多,3,,5,,,90,只要知道植入晶片的位置，很容易被盜刷,5,,我習慣使用信用卡及現金,3,,2,,,5,,
0,1994,3,8,8,V,1,,1,,2,2,2,2,1,,,,,3,,,,,,,,2,,1,,4,,5,,,3,,3,,,3,,2,,,2,,
0,1982,4,8,9,G,1,,95,,1,4,1,3,2,2,,,,,,,,,,,,,,1,,2,,5,,,3,,4,,,3,,2,,,2,,
0,1984,5,8,8,W,90,icash卡,1,,3,3,2,2,1,,,,,,,,,7,,,,91,,1,,3,,5,,,3,,4,,,3,,5,,,1,,
1,1970,5,1,1,S,1,,5,,2,2,3,3,2,3,,,,,,,,,,,,,,4,,2,,1,,,1,,3,,,3,,5,,,2,,
0,1986,5,14,14,S,2,,5,,4,4,4,4,2,90,手機版本太舊、之前沒辦網路、習慣信用卡回饋,,,,,,,,,,,,,4,,3,,5,,,1,,4,,,3,,1,,,2,,
1,1973,5,4,4,C,3,,5,,1,1,3,2,1,,,,,,,,6,7,,,,3,,2,,2,,5,,,3,,4,,,3,,2,,,2,,
1,1969,4,10,10,S,2,,2,,2,2,3,2,1,,,,2,3,,,,,,,,1,,2,,2,,1,,,1,,4,,,3,,2,,,2,,
1,1992,3,18,18,S,1,,1,,3,3,3,4,2,4,,,,,,,,,,,,,,4,,3,,1,,,2,,3,,,3,,4,,,3,,
0,1982,5,16,16,R,1,,1,,4,4,4,4,1,,,,,3,,,6,7,,,,1,,3,,3,,4,,,3,,3,,,3,,4,,,5,,
0,1982,3,12,12,U,1,,1,,3,3,2,2,2,4,,,,,,,,,,,,,,3,,2,,1,,,95,,3,,,3,,1,,,2,,
1,1985,5,9,9,V,1,,1,,4,4,4,4,2,2,,,,,,,,,,,,,,2,,1,,5,,,1,,3,,,2,,5,,,5,,
0,1982,4,2,2,V,2,,5,,1,1,1,1,1,,,,,,,5,,,,,,1,,2,,90,一半一半,5,,,1,,3,,,2,,2,,,3,,
0,1979,5,2,2,V,95,,95,,2,2,2,2,2,3,,,,,,,,,,,,,,1,,3,,5,,,95,,3,,,3,,2,,,2,,
1,1985,6,15,15,T,1,,1,,2,3,3,2,2,2,,,,,,,,,,,,,,3,,3,,5,,,2,,2,至少比電子支付安全得多,,4,,2,,,1,,科技再怎麼高，百密總有一疏，無論如何，我都不會使用線上或是信用卡支付 現金萬歲!~
0,1988,5,4,4,C,1,,5,,2,2,3,2,1,,,,2,,,,,7,,,,3,,1,,3,,4,,,3,,3,,,4,,1,,,3,,
0,1997,5,1,1,T,2,,1,,1,1,2,2,2,90,沒有信用卡,,,,,,,,,,,,,2,,1,,1,,,1,,3,,,3,,2,,,1,,
0,1970,5,24,24,S,1,,1,,3,3,3,3,1,,,,,,,,,7,,,,1,,3,,3,,1,,,1,,1,,,1,,1,,,1,,無
0,1978,5,14,14,M,3,,5,,1,1,3,3,1,,,,,,,,,7,,,,3,,1,,1,,5,,,1,,5,,不喜異物,3,,2,,,5,,
1,1982,5,8,8,Q,2,,1,,3,3,3,3,1,,,,,3,,,,,,,,4,,2,,2,,1,,,1,,3,,,2,,2,,,2,,
1,1974,5,2,2,M,2,,5,,3,3,3,3,1,,,,,,,,6,7,8,,,3,,1,,1,,1,,,2,,3,,,2,,1,,,2,,
0,1995,5,2,2,S,4,,5,,1,1,2,2,1,,,,,,,,6,7,,,,4,,1,,4,,1,,,2,,3,,,2,,1,,,1,,
0,1985,4,13,10,S,2,,1,,4,4,1,1,2,2,,,,,,,,,,,,,,4,,4,,4,,,3,,4,,,4,,4,,,5,,
0,1989,5,9,9,G,1,,5,,1,1,2,3,1,,,,,3,,,,,,,,5,,1,,1,,5,,,1,,5,,科技日新月異，很快就會推陳出新,2,,2,,,5,,要有學習力與好奇心，才不會被時代所淘汰
1,1982,5,15,15,S,1,,5,,1,2,2,2,1,,,1,,,,,,,,,,5,,1,,4,,1,,,1,,4,,,3,,1,,,1,,
0,1985,5,2,2,S,2,,1,,1,1,3,3,2,2,,,,,,,,,,,,,,3,,3,,1,,,1,,3,,,3,,2,,,3,,
1,1988,5,1,1,K,4,,5,,1,1,3,3,1,,,,,,4,,,7,,,,3,,1,,1,,1,,,1,,1,,,1,,1,,,1,,
1,1996,6,15,1,T,4,,5,,1,1,2,3,1,,,1,,,,,,7,,,,5,,1,,1,,2,,,4,,4,,,3,,1,,,2,,
1,1993,6,4,16,M,3,,5,,1,1,3,3,1,,,1,,,,,,7,,,,3,,1,,1,,5,,,2,,3,,,2,,2,,,1,,
1,1977,5,15,15,M,4,,6,,2,2,2,2,1,,,,,3,,,,7,,,,3,,1,,3,,5,,,1,,4,,,3,,4,,,5,,
1,1975,4,4,4,S,95,,5,,3,3,3,3,1,,,,,,,,,7,,,,5,,2,,3,,1,,,95,,4,,,3,,4,,,2,,
1,1983,6,6,6,C,2,,5,,3,3,3,3,1,,,,,,4,,,,,,,5,,2,,2,,1,,,1,,3,,,4,,2,,,2,,
0,1993,5,14,14,M,1,,5,,2,2,2,2,1,,,,,3,,,,,,90,"px pay, poya pay",3,,1,,3,,1,,,95,,4,,,4,,1,,,2,,
0,1971,3,14,14,R,1,,95,,1,2,2,2,1,,,,2,,,,,,,,,2,,3,,3,,5,,,95,,4,,,3,,4,,,5,,
1,2001,5,1,1,S,4,,6,,1,1,2,2,1,,,1,2,3,,,6,7,8,,,3,,1,,1,,1,,,2,,1,,,1,,1,,,2,,
0,1996,5,1,1,T,2,,5,,2,2,2,2,1,,,,,3,,,,7,,,,1,,1,,1,,1,,,1,,1,,,4,,2,,,1,,
1,1984,6,19,19,Q,1,,5,,4,4,1,4,1,,,1,,,,,,,,,,5,,1,,1,,5,,,1,,3,,,3,,1,,,5,,
0,1994,6,1,1,T,1,,95,,3,3,3,2,2,2,,,,,,,,,,,,,,3,,3,,5,,,4,,3,,,3,,2,,,5,,
1,1970,5,13,13,C,4,,5,,2,2,2,2,1,,,1,,3,,,,,,,,5,,2,,1,,1,,,3,,4,,,2,,2,,,3,,
1,1987,6,8,8,S,1,,5,,1,2,3,3,1,,,,,3,4,,6,7,,,,3,,2,,2,,1,,,1,,3,,,3,,1,,,2,,
0,1980,5,2,1,S,2,,5,,1,2,3,3,1,,,,,,,,,7,,,,5,,2,,3,,5,,,3,,3,,,3,,1,,,2,,
0,1990,6,15,15,O,4,,5,,2,2,2,2,1,,,,,,,,,7,,,,91,,2,,4,,1,,,95,,4,,,3,,1,,,1,,
1,1975,3,1,1,C,1,,5,,4,4,4,4,2,1,,,,,,,,,,,,,,4,,4,,4,,,3,,3,,,3,,4,,,4,,
0,1996,5,8,15,V,2,,5,,1,1,3,3,1,,,1,,,,,,,,,,4,,1,,2,,1,,,4,,4,,,3,,2,,,1,,
1,1966,4,19,19,W,1,,5,,2,2,2,2,1,,,,,,,,,,,90,OP電子錢包,5,,2,,1,,5,,,4,,3,,,4,,4,,,5,,
0,1988,5,15,14,Q,1,,1,,2,2,2,2,2,6,,,,,,,,,,,,,,3,,3,,5,,,95,,3,,,3,,1,,,2,,
1,1983,5,1,1,G,4,,95,,4,1,2,3,1,,,,,3,,,,7,,,,3,,1,,1,,1,,,1,,3,,,4,,2,,,2,,
1,1990,5,1,1,M,2,,5,,1,2,1,3,1,,,1,,,,,,,,,,3,,1,,1,,1,,,1,,3,,,3,,1,,,2,,
1,1963,6,15,15,M,1,,5,,3,3,3,2,1,,,1,,,,,,7,,,,3,,1,,3,,4,,,1,,1,,,2,,2,,,2,,
1,1999,4,2,13,O,5,,6,,1,2,3,3,1,,,,,,4,,6,7,,,,3,,1,,1,,1,,,1,,3,,,3,,2,,,2,,
0,1967,4,15,15,U,2,,5,,2,2,2,1,2,4,,,,,,,,,,,,,,4,,3,,5,,,95,,4,,,4,,5,,,5,,
1,2003,3,15,15,T,1,,95,,2,2,2,2,2,2,,,,,,,,,,,,,,4,,1,,4,,,4,,4,,,4,,5,,,5,,
1,1979,5,1,1,S,4,,5,,1,1,3,3,1,,,,,3,,,6,7,,,,3,,1,,1,,2,,,3,,3,,,3,,1,,,2,,
1,1997,5,2,2,T,4,,1,,4,4,4,4,1,,,,,3,,,,,,,,5,,1,,3,,5,,,4,,4,,,2,,2,,,1,,
0,1968,3,4,4,V,3,,4,,2,1,4,4,1,,,,2,,,,,,,,,2,,2,,2,,4,,,4,,1,,,3,,2,,,3,,觀望
0,2000,3,2,2,T,2,,95,,2,4,2,2,1,,,1,,,,,,7,,,,3,,1,,1,,1,,,1,,3,,,3,,2,,,2,,
0,1968,5,15,15,S,4,,95,,4,4,4,4,1,,,,,3,,,,7,,,,3,,1,,3,,1,,,1,,4,,,3,,4,,,2,,
0,1990,5,2,1,U,4,,5,,1,1,3,3,1,,,,,3,,,6,,,,,3,,2,,2,,1,,,1,,3,,,4,,2,,,2,,
0,1993,5,4,9,M,4,,6,,1,1,3,2,1,,,,,,,,6,7,,,,3,,1,,3,,1,,,2,,3,,,3,,2,,,2,,
0,1971,3,1,1,S,4,,5,,2,2,2,2,1,,,,,,,,,7,,,,5,,2,,1,,1,,,3,,5,,付錢前為什麼要唉痛,4,,5,,,3,,
1,1996,5,14,14,V,1,,1,,3,3,3,2,1,,,,2,3,,,,,,,,1,,1,,3,,1,,,1,,4,,,3,,1,,,2,,
1,1993,5,15,1,T,1,,95,,3,3,2,3,2,90,沒綁定,,,,,,,,,,,,,1,,90,就比較方便,3,比較乾淨,,2,,2,蠻合理的,,2,,2,,,1,,
0,2001,5,20,20,V,1,,5,,1,2,2,3,1,,,,,3,,,,,,,,1,,1,,1,,2,,,3,,5,,對身體不好,3,,1,,,1,,多參考數據觀望
0,1982,6,6,15,V,2,,5,,1,1,1,1,2,1,,,,,,,,,,,,,,1,,3,,1,,,3,,4,,,4,,1,,,1,,
0,1993,5,2,2,S,4,,5,,2,2,2,3,1,,,,,,,,,7,,,,4,,1,,4,,1,,,1,,4,,,4,,1,,,1,,
0,1991,4,8,8,S,4,,5,,3,3,3,2,1,,,1,,3,,,6,7,,,,4,,2,,1,,1,,,3,,4,,,3,,1,,,2,,
1,1984,6,7,7,P,1,,5,,3,3,3,2,1,,,,2,,,,,,,,,2,,1,,3,,1,,,1,,4,,,3,,1,,,1,,
0,1991,5,15,1,G,1,,1,,1,1,1,1,1,,,1,,3,,,,,,,,2,,1,,1,,1,,,1,,1,,,1,,1,,,1,,
0,1992,5,1,1,M,2,,2,,2,3,2,1,2,1,,,,,,,,,,,,,,2,,2,,2,,,2,,3,,,2,,2,,,2,,
0,1984,5,15,15,S,5,,1,,4,4,4,4,2,1,,,,,,,,,,,,,,4,,4,,2,,,1,,4,,,4,,4,,,4,,
1,1991,6,2,2,F,4,,6,,1,1,1,1,1,,,,2,3,,,6,7,,,,3,,1,,1,,1,,,4,,4,,,4,,1,,,2,,
0,1993,5,2,2,S,4,,6,,1,4,2,2,1,,,1,,,,,6,7,,,,3,,1,,2,,1,,,3,,4,,,4,,4,,,3,,
1,1985,5,8,8,S,2,,5,,2,3,3,3,2,6,,,,,,,,,,,,,,1,,3,,4,,,4,,3,,,3,,4,,,4,,
0,1990,5,13,13,S,1,,5,,1,2,1,2,2,1,,,,,,,,,,,,,,3,,3,,5,,,4,,3,,,3,,4,,,3,,
1,1958,5,2,13,W,2,,5,,2,2,2,3,1,,,,,,,,,7,,,,91,,1,,1,,1,,,1,,4,,,3,,1,,,2,,
1,2007,2,8,11,T,1,,5,,2,2,2,2,1,,,,,,,,,7,,,,5,,1,,3,,5,,,3,,4,,,4,,1,,,1,,
1,1976,5,7,7,Q,1,,1,,4,4,4,4,2,5,,,,,,,,,,,,,,4,,3,,5,,,4,,3,,,3,,5,,,5,,
0,1994,5,2,2,T,1,,1,,2,2,2,3,2,6,,,,,,,,,,,,,,1,,90,無,4,,,1,,3,,,3,,1,,,1,,
1,1994,5,1,15,Q,2,,95,,4,4,2,2,1,,,,,,,,6,7,,,,4,,1,,3,,5,,,95,,4,,,4,,2,,,1,,
1,1995,6,8,4,M,3,,5,,3,2,2,2,1,,,1,,,,,,7,,,,91,,1,,3,,1,,,1,,1,,,2,,1,,,1,,
0,1995,5,1,1,T,4,,6,,2,2,3,3,1,,,1,,,,,6,7,,,,3,,1,,3,,2,,,4,,4,,,4,,1,,,2,,
0,1998,5,2,2,T,5,,5,,2,3,3,3,1,,,1,,,4,,6,7,,,,4,,1,,2,,1,,,3,,3,,,3,,4,,,2,,
1,1991,6,1,21,T,1,,1,,3,3,2,1,1,,,,2,,,,,,,,,1,,4,,2,,2,,,3,,4,,,4,,5,,,3,,
1,1991,5,1,1,S,1,,95,,2,3,3,2,2,2,,,,,,,,,,,,,,4,,3,,5,,,1,,3,,,3,,4,,,5,,
1,1978,5,15,15,M,5,,1,,3,3,3,3,1,,,,,,4,,,7,,,,3,,2,,1,,1,,,3,,4,,,3,,2,,,2,,
0,1991,5,1,1,I,4,,5,,4,4,4,4,1,,,,,3,,,,7,,,,3,,2,,2,,1,,,95,,4,,,4,,2,,,2,,
1,1967,4,2,2,S,1,,95,,4,4,4,4,1,,,,,3,,,,,,,,1,,2,,3,,4,,,3,,4,,,3,,2,,,2,,
1,1999,3,11,11,V,4,,95,,1,1,3,3,1,,,,,3,,,6,7,,,,4,,1,,3,,5,,,1,,3,,,4,,2,,,3,,
1,1985,6,8,8,M,2,,95,,1,1,1,1,2,1,,,,,,,,,,,,,,2,,2,,1,,,1,,1,,,4,,5,,,5,,
1,1977,4,4,4,S,3,,2,,3,2,3,3,1,,,1,,3,,,,,,,,3,,1,,2,,2,,,2,,1,,,2,,4,,,2,,
0,1983,5,9,9,U,4,,5,,2,2,2,2,1,,,,,3,,,,7,,,,3,,1,,1,,1,,,2,,1,,,2,,1,,,2,,
0,1956,1,8,8,U,1,,5,,2,3,2,2,1,,,,,3,,,,7,,,,3,,1,,1,,5,,,1,,4,,,1,,2,,,1,,
0,1974,3,4,4,G,4,,5,,1,1,1,1,2,6,,,,,,,,,,,,,,3,,3,,1,,,3,,4,,,3,,2,,,2,,
0,2001,4,4,4,R,4,,6,,2,1,1,4,1,,,,,3,4,,,,,,,4,,2,,2,,2,,,1,,1,,,3,,2,,,2,,
1,1958,4,8,8,D,1,,5,,4,4,4,4,2,6,,,,,,,,,,,,,,4,,3,,4,,,4,,4,,,3,,2,,,2,,
1,1985,3,4,4,H,1,,1,,1,3,3,1,2,3,,,,,,,,,,,,,,2,,3,,1,,,2,,3,,,3,,1,,,4,,
1,1983,3,9,9,S,4,,5,,1,1,3,2,1,,,,,3,,,6,7,,,,3,,1,,4,,1,,,95,,5,,太恐怖了,3,,1,,,2,,
0,1991,5,15,15,S,1,,5,,1,4,1,4,1,,,1,,,,,,7,,,,5,,2,,2,,1,,,2,,1,,,2,,4,,,1,,
0,1989,5,2,2,U,3,,5,,3,3,3,3,1,,,1,,,,,,7,,,,4,,1,,3,,4,,,95,,4,,,2,,4,,,3,,
0,1977,5,5,5,S,1,,2,,4,4,4,4,1,,,,,3,,,,,,,,2,,3,,3,,2,,,3,,4,,,3,,2,,,5,,
0,1995,5,15,15,S,1,,5,,2,2,2,2,1,,,,2,,,,,7,,,,3,,2,,3,,1,,,1,,4,,,3,,2,,,1,,
0,1990,5,8,8,S,1,,5,,1,2,3,3,1,,,1,,,,,,,,,,3,,1,,2,,4,,,1,,4,,,3,,1,,,3,,
0,1989,3,8,8,F,1,,1,,2,2,2,2,2,2,,,,,,,,,,,,,,2,,4,,5,,,3,,4,,,4,,2,,,5,,
0,1999,5,1,1,T,1,,1,,1,3,2,3,2,1,,,,,,,,,,,,,,3,,4,,1,,,1,,4,,,4,,1,,,1,,
1,1977,5,8,8,S,1,,5,,3,3,3,3,1,,,,2,,,,,,,,,3,,1,,1,,1,,,1,,1,,,3,,4,,,2,,無，科技始終來自於人性！
0,1991,5,14,14,Q,5,,1,,3,3,3,3,2,90,沒有信用卡,,,,,,,,,,,,,1,,3,,5,,,1,,3,,,3,,1,,,1,,
1,1952,5,1,1,M,1,,5,,4,4,4,4,2,1,,,,,,,,,,,,,,1,,4,,5,,,1,,4,,,3,,1,,,1,,
1,1975,3,4,1,G,3,,5,,2,1,3,4,1,,,,,3,,,,,,,,4,,2,,3,,2,,,2,,3,,,3,,4,,,1,,期待啊
0,1988,5,15,15,C,3,,5,,2,2,3,3,1,,,,,,,,,7,,,,3,,1,,90,各有利弊，習慣行動支付但對手機遺失較麻煩,2,,,90,不贊成注入式,5,,不贊成注入式,2,,2,,,1,,
1,1988,5,8,8,M,1,,2,,4,4,4,4,2,1,,,,,,,,,,,,,,3,,3,,4,,,3,,4,,,3,,4,,,5,,
1,1965,4,1,1,J,1,,5,,2,2,2,3,1,,,,,,,,,7,,,,91,,2,,3,,4,,,3,,3,,,3,,4,,,4,,
1,1993,6,1,1,O,90,一卡通,5,,1,2,3,2,1,,,1,,,,,,7,,,,3,,1,,2,,1,,,3,,4,,,3,,2,,,1,,
0,1994,6,2,2,T,1,,5,,2,2,3,3,1,,,,,,,,,7,,,,3,,2,,2,,2,,,1,,3,,,2,,2,,,5,,
0,1996,5,2,2,T,1,,1,,4,2,2,2,1,,,,,,,,,7,,,,1,,1,,3,,2,,,90,要是不小心感應到，被盜取資料或被扣款不好吧,4,,,3,,5,,,3,,
0,1992,6,2,1,Q,4,,5,,1,2,3,3,1,,,,,,,,6,,,,,3,,1,,1,,1,,,3,,3,,,3,,1,,,1,,
0,2001,4,15,15,P,1,,1,,1,2,2,2,2,1,,,,,,,,,,,,,,1,,1,,1,,,1,,1,,,1,,1,,,1,,
1,2001,3,15,15,T,1,,1,,2,2,2,2,2,1,,,,,,,,,,,,,,1,,1,,1,,,1,,1,,,1,,1,,,1,,
1,2001,5,15,15,D,2,,2,,2,2,2,2,1,,,,,3,,,,,,,,2,,2,,2,,2,,,2,,3,,,2,,2,,,2,,
0,1953,6,1,2,W,3,,5,,2,2,2,1,1,,,,2,,,,,,,,,3,,1,,1,,1,,,1,,4,,,3,,1,,,2,,
0,1972,4,1,1,S,4,,5,,4,4,4,4,1,,,,,,,,6,7,,,,91,,2,,1,,5,,,1,,4,,,4,,2,,,5,,
1,1976,5,8,8,S,4,,6,,2,2,2,2,1,,,,,3,,,6,7,,,,3,,1,,2,,1,,,4,,4,,,4,,4,,,3,,
1,1962,4,1,2,M,5,,5,,2,2,2,3,1,,,,,3,,,,,,,,2,,2,,3,,5,,,4,,3,,,3,,2,,,2,,
1,1971,4,1,1,O,2,,5,,1,2,3,4,1,,,1,,,,,,,,,,5,,2,,2,,5,,,1,,4,,,3,,1,,,1,,
0,1973,3,1,1,S,3,,5,,2,3,3,2,1,,,,,,4,,6,7,,,,1,,1,,1,,1,,,2,,1,,,2,,1,,,1,,
1,1959,4,1,1,M,3,,5,,1,1,1,1,1,,,1,,,,,6,,,,,3,,2,,2,,1,,,2,,4,,,3,,2,,,2,,
0,1985,4,3,3,O,1,,95,,2,3,2,3,2,4,,,,,,,,,,,,,,90,有好有壞,3,,5,,,1,,4,,,3,,1,,,1,,觀望
1,1985,5,16,16,S,4,,6,,1,1,3,2,1,,,,,,4,,,7,,,,3,,1,,3,,5,,,1,,4,,,2,,2,,,1,,
0,1992,6,14,14,T,2,,5,,2,2,2,2,1,,,,,,,,,7,,,,5,,1,,3,,1,,,2,,1,,,2,,2,,,1,,
0,1985,4,2,2,S,1,,5,,2,2,2,2,1,,,,,,,,,7,,,,1,,2,,3,,5,,,1,,3,,,3,,1,,,3,,觀望，等到真的大多數人接受並使用。
0,1990,5,2,2,D,3,,5,,4,4,4,4,1,,,1,,,,,,,,,,3,,1,,2,,4,,,3,,4,,,2,,4,,,5,,
0,1968,4,1,1,O,2,,5,,2,2,2,1,2,1,,,,,,,,,,,,,,4,,3,,5,,,3,,4,,,3,,4,,,5,,
0,1978,4,4,4,G,4,,5,,1,1,3,2,1,,,,,,,,6,7,,,,4,,1,,2,,5,,,3,,4,,,4,,2,,,1,,
1,1988,5,5,5,F,3,,5,,2,2,2,2,1,,,,,,4,,6,7,,,,5,,1,,3,,1,,,95,,4,,,3,,2,,,1,,
0,1995,5,15,15,S,1,,1,,3,3,3,3,2,1,,,,,,,,,,,,,,3,,3,,4,,,2,,3,,,2,,4,,,5,,
0,1982,5,8,8,S,4,,5,,3,3,2,2,1,,,,,3,,,,7,,,,4,,1,,1,,1,,,3,,4,,,4,,2,,,1,,
1,1988,5,1,1,S,4,,5,,1,1,2,2,1,,,,,3,,,6,,,,,3,,1,,1,,1,,,1,,1,,,2,,1,,,1,,
1,2000,3,4,4,T,2,,95,,1,2,3,3,1,,,,2,,,,,7,,,,5,,3,,3,,2,,,2,,1,,,2,,5,,,3,,
0,1998,5,1,15,O,4,,95,,3,3,3,2,1,,,,,,,,6,7,,90,famipay、pixapay、openpoint、銀行的,4,,1,,1,,1,,,3,,3,,,3,,2,,,1,,
0,1990,5,7,9,O,4,,5,,4,4,4,4,1,,,,,,,,,7,,,,3,,1,,1,,1,,,1,,3,,,3,,1,,,1,,
1,1987,3,8,8,R,4,,6,,4,4,4,4,1,,,,,,,,6,7,,,,3,,1,,1,,1,,,95,,4,,,4,,2,,,1,,
1,1986,6,2,9,J,90,LINE Pay,5,,1,1,3,3,1,,,1,,,,,,7,,,,4,,2,,2,,5,,,4,,4,,,3,,1,,,5,,
1,1976,5,1,1,J,3,,5,,1,1,3,2,1,,,,,,,,6,7,,,,5,,2,,1,,1,,,1,,3,,,2,,2,,,5,,
1,1993,5,19,19,T,2,,1,,2,2,3,2,1,,,,2,3,,,,,,,,3,,1,,90,更危險 怕行動支付內部管理不當資料被駭,1,,,2,,1,,,3,,1,,,90,未來趨勢 但實體紙鈔仍有存在價值 比起數位化更容易在現實中掌控 不容易被駭客瞬間奪走,
1,1971,6,15,15,S,4,,5,,3,3,3,3,1,,,,,,4,,,7,,,,3,,1,,1,,5,,,2,,3,,,3,,1,,,1,,
0,1994,5,15,20,T,4,,95,,3,3,3,2,1,,,,,,,,6,7,,,,5,,1,,2,,5,,,1,,3,,,4,,1,,,1,,
0,1990,6,15,15,T,1,,1,,2,2,2,2,1,,,1,,,,,6,,,,,1,,1,,1,,1,,,1,,4,,,4,,5,,,5,,
0,1989,5,15,15,M,4,,6,,2,2,2,2,2,1,,,,,,,,,,,,,,2,,2,,2,,,2,,3,,,2,,2,,,2,,
1,1970,5,2,15,P,4,,6,,2,2,2,3,1,,,,2,3,,,,,,,,2,,2,,2,,2,,,2,,3,,,3,,4,,,3,,
0,2001,3,15,15,L,1,,1,,2,2,2,2,1,,,,,3,,,,,,,,4,,3,,3,,4,,,3,,3,,,3,,1,,,1,,
0,1993,5,1,1,T,4,,5,,4,4,4,4,2,3,,,,,,,,,,,,,,4,,3,,5,,,3,,3,,,4,,1,,,1,,
1,1995,5,15,15,M,5,,5,,2,2,2,2,2,1,,,,,,,,,,,,,,4,,4,,5,,,95,,4,,,4,,5,,,5,,
0,1934,1,15,15,U,1,,1,,2,2,2,2,1,,,1,2,3,4,5,6,7,8,,,3,,1,,1,,1,,,2,,1,,,1,,1,,,1,,
1,2001,5,1,1,T,1,,1,,2,3,2,2,2,2,,,,,,,,,,,,,,2,,1,,4,,,2,,1,,,2,,2,,,1,,
0,1963,4,1,1,P,3,,4,,2,2,2,2,2,1,,,,,,,,,,,,,,2,,2,,1,,,1,,1,,,1,,1,,,1,,
0,1955,3,15,15,U,1,,1,,2,3,2,2,2,1,,,,,,,,,,,,,,2,,2,,2,,,2,,3,,,2,,2,,,2,,
1,1956,5,15,15,D,3,,1,,2,2,2,2,2,2,,,,,,,,,,,,,,3,,3,,4,,,3,,4,,,4,,4,,,3,,
0,1984,5,14,14,Q,2,,5,,4,4,1,4,2,6,,,,,,,,,,,,,,3,,3,,4,,,3,,4,,,3,,4,,,5,,
0,1960,5,15,15,U,1,,1,,2,2,2,2,2,1,,,,,,,,,,,,,,2,,2,,2,,,95,,4,,,4,,1,,,1,,
0,1995,4,15,15,C,1,,1,,1,1,2,2,1,,,,,,,,,7,,,,3,,1,,1,,1,,,3,,3,,,3,,1,,,2,,
1,1956,5,15,15,D,95,,95,,2,2,2,2,1,,,,,,,,,,8,,,91,,4,,4,,5,,,95,,4,,,4,,1,,,1,,
0,1999,3,8,9,S,1,,1,,2,1,1,2,2,2,,,,,,,,,,,,,,2,,2,,2,,,2,,1,,,1,,1,,,1,,
0,1979,3,15,15,S,2,,5,,2,1,3,2,1,,,,,,,,,7,,,,91,,1,,3,,5,,,2,,1,,,2,,1,,,1,,
1,1981,5,15,15,H,4,,5,,1,1,3,3,1,,,1,,3,,,6,7,,90,橘子支付,3,,1,,2,,3,人總要跟著時代進步，但現金交易也不能完全消失,,4,,5,,我怕痛,3,,2,,,90,是未來趨勢，但兩種方式共存並不衝突吧,
1,1991,5,2,2,D,1,,1,,1,1,3,3,1,,,,,,,,6,,,,,5,,2,,1,,1,,,1,,3,,,3,,2,,,2,,
0,1986,5,12,14,S,4,,5,,1,1,2,2,1,,,,,,,,,7,,,,3,,2,,3,,5,,,4,,4,,,4,,1,,,3,,
1,1985,5,9,9,M,5,,95,,2,2,2,2,1,,,,,3,,,,,,,,5,,2,,2,,5,,,1,,4,,,4,,2,,,3,,
0,1986,5,11,11,M,95,,95,,2,2,2,2,2,1,,,,,,,,,,,,,,1,,3,,5,,,1,,4,,,4,,1,,,1,,
1,1983,4,15,17,I,1,,5,,1,1,3,3,1,,,,,,,,,7,,,,1,,1,,4,,5,,,1,,4,,,3,,1,,,5,,
1,1966,3,1,1,S,1,,5,,4,4,4,4,2,2,,,,,,,,,,,,,,4,,3,,5,,,4,,3,,,3,,4,,,5,,
0,1991,5,11,11,S,1,,1,,4,3,3,3,1,,,,2,,,,,,,,,1,,1,,3,,4,,,3,,4,,,4,,4,,,3,,
1,1992,6,9,9,C,1,,5,,3,3,3,2,1,,,,,,,,,7,,,,1,,3,,3,,5,,,3,,4,,,3,,4,,,2,,
1,1988,5,14,14,M,1,,5,,4,4,3,4,1,,,,,3,,,,7,,,,3,,1,,1,,1,,,2,,3,,,3,,1,,,1,,
1,1995,6,15,21,T,4,,6,,2,2,2,2,1,,,,,,,,6,7,,,,90,行動支付，有回饋,1,,4,,4,,,1,,3,,,4,,1,,,5,,
0,1993,5,15,15,U,1,,5,,1,1,3,2,1,,,1,,,,,6,7,,,,91,,1,,4,,6,,不太可以，要長輩如何配合是很重要的事情，還有會不會被盜領、盜刷，安全問題是有些許疑慮,3,,4,,,3,,1,,,1,,我會抱持著適時觀望，想看看別的國家是如何施行的
1,1997,5,14,14,G,3,,5,,3,3,3,2,1,,,1,,,,,6,7,,,,91,,1,,2,,2,,,2,,1,,,2,,1,,,5,,
1,1968,4,2,21,M,3,,5,,1,1,1,1,1,,,,,3,,,,7,,,,1,,2,,3,,1,,,1,,1,,,1,,1,,,2,,
0,1987,5,4,4,P,2,,5,,2,2,3,3,1,,,,,3,,,6,7,,,,5,,1,,3,,5,,,3,,5,,我不敢在身上植入東西,3,,2,,,1,,
0,1992,5,9,9,C,2,,5,,2,2,3,3,1,,,,,,,,,7,,,,5,,1,,1,,4,,,4,,5,,不想被植入異物,3,,1,,,1,,
1,1995,6,2,18,C,4,,6,,1,1,2,2,1,,,,2,3,,,6,7,,,,3,,1,,2,,1,,,2,,3,,,3,,2,,,5,,
1,1987,6,1,1,M,4,,6,,2,2,2,2,1,,,,,,,,,7,,,,5,,1,,1,,1,,,3,,3,,,4,,4,,,5,,
0,1997,5,13,13,V,1,,1,,2,2,1,1,2,5,,,,,,,,,,,,,,2,,3,,5,,,1,,4,,,4,,5,,,5,,
1,1988,6,5,8,M,4,,5,,2,2,2,2,1,,,1,,,,,,7,,,,3,,1,,2,,1,,,3,,4,,,4,,4,,,4,,
0,1982,5,14,14,Q,1,,2,,1,2,3,2,2,1,,,,,,,,,,,,,,3,,3,,4,,,3,,4,,,3,,4,,,3,,
1,1983,6,8,9,P,4,,5,,2,2,2,2,1,,,,,3,,,,7,,,,4,,2,,2,,1,,,2,,1,,,2,,2,,,2,,
1,1996,5,2,2,T,1,,5,,2,2,2,2,1,,,1,,,,,,7,,,,5,,1,,3,,1,,,1,,1,,,1,,2,,,2,,
0,1980,6,2,1,M,2,,5,,1,1,2,2,1,,,,,,4,,6,,,,,91,,2,,2,,5,,,95,,4,,,3,,2,,,1,,
1,1987,4,2,2,M,5,,5,,2,4,2,2,1,,,,,,,,,,,90,橘,90,信用卡,90,沒網路,3,,5,,,95,,4,,,4,,4,,,4,,
1,1987,6,8,8,M,4,,6,,1,1,3,3,1,,,,,3,,,6,7,,,,4,,2,,2,,1,,,2,,3,,,3,,1,,,1,,
0,1994,5,7,7,O,1,,95,,3,3,2,2,1,,,,,,,,,7,,,,5,,2,,3,,1,,,95,,3,,,2,,2,,,4,,
0,1992,6,15,1,T,2,,5,,2,2,3,2,1,,,1,,,,,,7,,,,4,,1,,3,,1,,,3,,4,,,4,,2,,,1,,
1,1983,5,2,2,S,2,,2,,2,3,1,4,1,,,,,,,,,7,,,,3,,2,,2,,2,,,1,,1,,,2,,2,,,3,,
0,1989,5,7,8,M,2,,5,,4,2,3,4,1,,,,2,,4,,,7,,,,5,,2,,3,,5,,,1,,3,,,3,,2,,,1,,
0,1990,5,2,7,Q,4,,5,,1,2,2,3,1,,,,,,,,6,7,,,,5,,1,,3,,5,,,1,,3,,,2,,1,,,2,,
1,1985,5,8,8,S,5,,5,,2,2,2,1,1,,,,2,,,,,7,,,,91,,1,,3,,1,,,1,,3,,,2,,1,,,1,,
0,1973,5,2,2,M,1,,1,,2,2,1,1,1,,,,2,,,,,,,,,3,,2,,2,,2,,,2,,1,,,2,,1,,,1,,
0,1980,3,4,4,S,2,,2,,3,3,2,1,1,,,,2,,,,,,,,,1,,4,,2,,1,,,3,,3,,,2,,1,,,2,,
0,2001,5,8,14,S,3,,5,,3,3,3,3,1,,,,,,,,6,7,,,,3,,3,,2,,1,,,1,,4,,,3,,1,,,2,,
1,1970,5,24,24,S,4,,6,,2,2,2,2,1,,,,,3,,,6,7,,,,3,,90,手機突然掛點就完了,90,一半一半,5,,,90,人還是就該是人,4,,,4,,1,,,5,,
1,1989,3,15,15,S,1,,1,,2,2,2,2,2,1,,,,,,,,,,,,,,1,,1,,1,,,2,,3,,,3,,1,,,1,,
0,1960,5,15,15,W,2,,4,,2,3,3,3,1,,,1,2,,,,,,,,,1,,1,,1,,2,,,1,,3,,,2,,2,,,2,,
0,1986,5,18,18,S,2,,1,,2,3,4,4,2,1,,,,,,,,,,,,,,1,,1,,2,,,1,,3,,,2,,1,,,1,,期待科技更進步
0,1990,5,8,8,M,1,,5,,3,3,3,2,2,1,,,,,,,,,,,,,,1,,3,,1,,,2,,3,,,2,,2,,,2,,
0,1973,4,2,2,S,5,,5,,2,2,2,1,2,4,,,,,,,,,,,,,,4,,3,,4,,,3,,4,,,3,,2,,,2,,
1,1976,5,2,2,V,5,,95,,4,3,3,3,1,,,,,,,,6,7,,,,4,,2,,1,,1,,,4,,4,,,4,,2,,,1,,
0,1952,1,2,2,U,2,,5,,4,3,3,3,2,6,,,,,,,,,,,,,,3,,3,,5,,,3,,4,,,3,,1,,,1,,
0,1982,5,7,7,U,3,,5,,2,2,3,3,1,,,1,,,,,6,7,,,,3,,1,,3,,1,,,1,,1,,,1,,1,,,1,,
0,1974,3,2,2,S,2,,5,,2,2,1,1,2,4,,,,,,,,,,,,,,3,,4,,4,,,95,,4,,,3,,1,,,1,,
0,1979,5,2,2,S,2,,2,,2,2,1,3,1,,,,,,,,,,8,,,2,,1,,2,,1,,,1,,3,,,3,,2,,,2,,
1,1988,5,8,8,M,5,,2,,2,3,1,4,1,,,,2,,,,,7,,,,1,,2,,1,,4,,,1,,4,,,3,,1,,,4,,
1,1956,5,8,11,V,1,,5,,2,2,3,2,1,,,,2,3,,,6,7,,,,5,,1,,2,,5,,,3,,3,,,3,,4,,,5,,
1,1997,5,1,21,J,4,,5,,1,1,2,3,1,,,1,,,,,6,7,8,,,3,,2,,2,,1,,,90,"通過體外的方式來結賬就好,合為一體的方式可能會損傷人體",4,,,3,,2,,,90,未來趨勢會以科技為主，但政府需要立案接受紙幣存在的價值，紙幣已經存在很久了，這樣子做會有貨幣的價值,
0,2001,5,2,2,M,3,,1,,1,2,1,2,1,,,,2,,,,,,,,,2,,2,,2,,2,,,2,,1,,,1,,1,,,1,,
0,1985,5,8,8,S,1,,5,,2,2,1,2,1,,,,,,,,,7,,,,2,,1,,3,,6,,有人連手機都買不起,90,不會發生重複扣款嗎,4,,,3,,4,,,3,,有人買不起手機
0,1979,5,1,1,S,2,,5,,1,1,2,2,1,,,,,3,,,,7,,,,5,,1,,3,,4,,,4,,4,,,3,,1,,,1,,
1,1977,5,6,6,M,2,,5,,3,3,3,3,1,,,1,,3,,,6,7,,,,3,,2,,3,,4,,,2,,1,,,2,,2,,,3,,"科技在人,但科技也會害人,如何做到好及保護,不可能的!只有認知,使用科技就是雙面刃,好也有不好的問題,所以,發明也是好處的!"
1,1985,4,15,15,V,1,,1,,4,4,4,4,2,1,,,,,,,,,,,,,,3,,3,,2,,,3,,4,,,3,,1,,,3,,
0,1989,5,2,2,V,1,,1,,4,4,4,4,2,2,,,,,,,,,,,,,,4,,3,,1,,,1,,3,,,3,,2,,,2,,
0,1988,5,2,11,S,2,,5,,2,2,3,3,1,,,,2,,,,,7,,,,4,,1,,2,,1,,,3,,4,,,3,,2,,,2,,
0,1988,6,2,2,M,1,,5,,3,3,3,3,2,1,,,,,,,,,,,,,,4,,4,,5,,,4,,4,,,3,,2,,,2,,
1,1965,3,4,4,N,3,,5,,3,1,4,4,1,,,,,3,,,,,,,,3,,3,,2,,5,,,2,,1,,,2,,2,,,4,,錢不損失最重要
1,1984,6,7,7,C,2,,5,,2,2,3,2,2,1,,,,,,,,,,,,,,2,,3,,5,,,1,,3,,,3,,2,,,1,,
0,1986,5,8,8,M,4,,5,,1,1,2,3,1,,,,,,,,6,7,,,,5,,2,,1,,5,,,1,,3,,,2,,2,,,5,,
0,1985,6,14,14,Q,4,,5,,2,2,3,3,1,,,1,,,,,,7,,,,3,,1,,1,,1,,,90,所以搶劫手會砍斷,5,,我怕手被砍斷,3,,2,,,2,,
1,1979,5,2,2,S,1,,1,,2,2,2,2,2,5,,,,,,,,,,,,,,4,,4,,5,,,95,,1,,,1,,5,,,1,,
0,1996,5,8,4,V,1,,1,,1,1,2,2,1,,,,,,,,,7,,,,2,,4,,3,,1,,,1,,3,,,3,,1,,,2,,
0,1991,5,,4,H,1,,5,,2,2,2,2,2,4,,,,,,,,,,,,,,3,,3,,1,,,95,,3,,,3,,2,,,2,,
0,2005,3,4,4,T,1,,1,,2,2,3,2,2,2,,,,,,,,,,,,,,4,,3,,5,,,1,,3,,,2,,1,,,5,,
1,1990,6,15,15,M,1,,5,,1,1,3,3,1,,,1,,,4,,,,,,,1,,1,,1,,4,,,3,,5,,不需要,4,,1,,,1,,
0,1977,5,9,9,H,2,,5,,1,2,2,3,1,,,1,,,,,,,,,,3,,1,,1,,1,,,1,,4,,,2,,1,,,2,,"科技發展日新月異,選擇擁抱科技"
0,1990,5,15,15,P,1,,2,,3,3,2,2,2,3,,,,,,,,,,,,,,1,,2,,1,,,3,,3,,,4,,1,,,2,,
1,1982,5,8,8,O,2,,4,,2,2,2,2,1,,,,,3,,,,,,,,4,,2,,2,,2,,,2,,1,,,2,,2,,,2,,
1,1969,4,8,10,B,1,,1,,2,3,1,2,1,,,,2,,,,,,,,,2,,2,,2,,1,,,3,,3,,,2,,2,,,3,,
1,1987,5,1,1,K,1,,95,,2,2,2,2,2,2,,,,,,,,,,,,,,4,,4,,5,,,95,,4,,,4,,5,,,5,,
0,1975,5,1,1,U,2,,5,,2,2,2,2,1,,,,,,,,6,,,,,3,,1,,1,,1,,,3,,4,,,3,,2,,,1,,
1,1989,5,1,1,V,1,,1,,3,3,3,2,1,,,,,,,,,7,,,,5,,2,,3,,1,,,3,,4,,,3,,1,,,2,,
1,1974,5,9,9,J,2,,5,,2,2,2,2,1,,,1,,,,,,,,,,3,,1,,1,,1,,,1,,3,,,1,,1,,,1,,擁抱科技
0,1999,5,17,17,T,1,,95,,2,2,1,1,1,,,,,3,,,,7,,,,1,,2,,4,,4,,,95,,4,,,3,,2,,,3,,
0,1966,2,2,2,U,1,,1,,4,1,3,4,2,1,,,,,,,,,,,,,,1,,3,,2,,,3,,4,,,3,,1,,,1,,
1,1974,2,4,4,G,1,,2,,1,1,1,1,1,,,,,3,,,,,,,,2,,1,,4,,5,,,3,,4,,,4,,2,,,4,,
1,1981,6,8,8,P,5,,6,,1,1,1,1,1,,,1,,,,,,,,,,3,,1,,1,,1,,,1,,1,,,1,,1,,,1,,選擇科技
0,1984,5,4,4,C,1,,5,,2,2,2,2,1,,,,,,,,,7,,,,2,,1,,3,,1,,,3,,4,,,3,,1,,,1,,適時觀望，不太希望科技取代一切
1,1979,5,15,15,O,2,,5,,2,2,2,2,1,,,1,,3,,,,,,,,2,,1,,2,,2,,,3,,4,,,4,,2,,,2,,
0,1997,5,4,4,S,1,,5,,1,3,2,2,1,,,,,3,4,,,7,,,,1,,1,,1,,1,,,4,,4,,,3,,1,,,1,,無
1,1970,3,15,15,D,1,,5,,2,2,2,2,2,1,,,,,,,,,,,,,,1,,3,,1,,,1,,4,,,3,,1,,,5,,
1,1986,4,14,14,S,1,,1,,4,4,4,4,2,1,,,,,,,,,,,,,,1,,1,,4,,,1,,1,,,1,,1,,,1,,
1,1990,5,8,8,T,5,,1,,1,3,2,3,1,,,,,,,,,7,,,,1,,1,,4,,2,,,1,,1,,,2,,2,,,5,,
0,1970,4,2,2,V,1,,5,,3,3,3,3,1,,,,,,,,,7,,,,91,,1,,3,,6,,無銀行戶頭的怎麼辦？,1,,4,,,4,,2,,,1,,科技雖然是帶來改變與進步，但是也要幫弱勢的族群想想，留一點空間給他們！
0,1998,5,14,14,M,3,,5,,1,4,2,3,1,,,,,,,,6,7,,,,4,,1,,1,,1,,,1,,3,,,90,"絕對不會,台灣大多數民眾還是觀念較傳統",5,,,90,"不一定,自己雖然使用行動支付較多,但並不覺得政府有積極地在推動,甚至很常因為設備or技術問題,無法使用電子支付導致無法付款","擁抱科技,但會選擇先觀望再決定是否使用,畢竟政府""推動""行動支付幾年了,使用上還是沒有到很方便,甚至付現所花費的時間可能還比我使用行動支付來得快."
0,2001,5,15,15,S,4,,6,,1,1,2,2,1,,,1,,,,,,7,,,,3,,1,,3,,5,,,1,,4,,,2,,2,,,1,,
0,1992,5,9,9,P,2,,95,,1,1,1,1,2,1,,,,,,,,,,,,,,4,,3,,5,,,1,,3,,,3,,2,,,5,,
0,1996,5,1,9,M,4,,5,,1,1,2,3,1,,,,,,,,,7,,,,3,,2,,1,,1,,,1,,3,,,3,,2,,,2,,
0,1997,5,1,1,V,1,,5,,4,4,4,4,2,1,,,,,,,,,,,,,,2,,90,被有心人士監控及容易盜刷,6,,現金比較安全，行動支付風險性高，有個資外洩和盜刷等等問題出現。等,3,,5,,害怕取不出來和被別人監控。,4,,5,,,4,,
0,1970,4,1,1,Q,2,,5,,2,3,2,3,1,,,1,,,,,,,,,,2,,4,,4,,4,,,3,,4,,,4,,5,,,5,,
0,1980,4,15,15,C,4,,95,,2,2,2,2,1,,,,2,,,,,,,,,5,,90,各有優缺點,90,各有優缺點,5,,,3,,4,,,4,,2,,,2,,
0,1994,6,5,4,C,2,,5,,4,1,3,2,1,,,,2,,,,,7,,,,5,,1,,3,,1,,,3,,3,,,3,,1,,,1,,
1,1982,6,2,1,S,2,,5,,1,1,2,2,1,,,,,3,,,6,7,,,,3,,1,,2,,1,,,3,,5,,不喜歡在身體植入,90,人體侵入性晶片涉及醫療層面，將低植入意願,4,,,1,,適時觀望再說
0,1990,6,15,2,C,4,,5,,1,3,1,1,1,,,,,,,,,7,,,,3,,1,,2,,5,,,3,,4,,,3,,2,,,1,,
0,1986,6,15,15,K,4,,5,,2,2,3,2,1,,,1,,3,4,,6,7,,,,3,,1,,1,,1,,,3,,3,,,4,,2,,,2,,
0,1995,4,14,14,C,2,,1,,3,3,3,2,2,4,,,,,,,,,,,,,,4,,4,,5,,,4,,4,,,3,,2,,,5,,
0,1969,3,14,14,C,1,,1,,3,3,3,2,2,6,,,,,,,,,,,,,,3,,4,,5,,,95,,4,,,3,,2,,,5,,
0,1994,5,2,2,C,3,,5,,3,3,2,2,2,1,,,,,,,,,,,,,,2,,3,,5,,,1,,3,,,2,,4,,,3,,
1,1954,3,1,1,N,1,,1,,4,4,2,2,2,1,,,,,,,,,,,,,,4,,3,,4,,,1,,4,,,3,,4,,,4,,
1,1967,6,15,15,Q,5,,5,,1,3,3,3,2,6,,,,,,,,,,,,,,3,,3,,5,,,1,,4,,,4,,4,,,5,,
0,1963,5,15,15,U,5,,5,,3,3,3,2,2,1,,,,,,,,,,,,,,3,,3,,5,,,1,,4,,,4,,4,,,5,,
1,1998,6,15,15,T,1,,5,,3,3,3,2,2,1,,,,,,,,,,,,,,3,,3,,5,,,1,,4,,,4,,4,,,5,,
0,1964,4,15,15,U,1,,5,,3,3,3,2,2,1,,,,,,,,,,,,,,3,,3,,5,,,1,,4,,,4,,4,,,5,,
1,1966,5,15,15,G,1,,5,,3,3,3,2,2,1,,,,,,,,,,,,,,3,,3,,5,,,1,,4,,,4,,4,,,5,,
1,1975,5,2,2,C,1,,5,,2,2,2,2,1,,,1,,,,,,7,,,,1,,1,,1,,1,,,1,,4,,,3,,1,,,1,,無
0,1957,4,1,1,G,4,,6,,4,4,4,2,1,,,,,3,,,,,,,,3,,1,,3,,1,,,1,,1,,,2,,1,,,2,,我會選擇新的嚐試 科技日新月異 身為現代人 必須與時俱進~
1,1971,6,5,5,V,3,,5,,2,2,3,3,1,,,,2,3,,5,6,7,8,,,3,,2,,2,,1,,,4,,4,,,4,,2,,,2,,
0,1978,5,15,14,A,4,,5,,3,3,3,2,1,,,1,,,,,,7,,,,5,,90,更為方便，基於疫情，不用接觸店家找零的現金,4,,5,,,1,,4,,,4,,1,,,4,,
0,1984,5,8,8,C,1,,5,,2,2,2,2,1,,,,,,,,,,8,90,Open錢包/全聯支付,5,,1,,3,,5,,,1,,5,,擔心副作用,3,,1,,,2,,適時觀望
1,1999,5,15,15,V,4,,5,,2,2,1,3,1,,,1,,3,,,6,7,,,,3,,1,,1,,5,,,3,,3,,,3,,2,,,1,,
0,2000,5,8,8,T,1,,95,,2,4,4,3,2,4,,,,,,,,,,,,,,3,,3,,5,,,2,,1,,,2,,2,,,5,,
0,1997,5,15,15,R,1,,5,,1,1,2,3,2,5,,,,,,,,,,,,,,4,,3,,4,,,1,,3,,,3,,2,,,2,,
1,1972,4,1,1,M,2,,5,,2,2,2,3,2,6,,,,,,,,,,,,,,4,,1,,5,,,4,,4,,,4,,1,,,1,,審慎面對、畢竟禍福難料
1,2002,5,2,2,T,2,,1,,3,3,3,4,1,,,,,,,,6,,,,,1,,1,,2,,1,,,2,,1,,,2,,1,,,1,,
1,1972,3,2,2,U,4,,5,,1,1,2,2,1,,,,,3,,,,7,,90,悠遊付,91,,2,,3,,1,,,1,,5,,等科技成熟穩定,4,,2,,,2,,先觀望後再擁抱科技
0,1981,4,8,8,L,95,,95,,1,1,2,3,1,,,,,,,,,7,,,,3,,1,,90,安全危險各半,1,,,1,,4,,,3,,2,,,2,,我選擇擁抱科技，行動支付的優點很多，值得推薦
0,1978,5,1,11,C,3,,5,,3,3,3,2,1,,,,2,,,,6,,,,,3,,1,,3,,1,,,4,,5,,拒絕侵入性物品,4,,1,,,1,,適時觀望，新發明有時並不適用社會
0,1983,5,6,6,U,4,,5,,1,1,3,2,1,,,1,,,,,6,7,,,,3,,1,,1,,1,,,1,,3,,,3,,1,,,1,,
0,1987,5,9,9,U,1,,1,,4,4,4,4,2,6,,,,,,,,,,,,,,3,,4,,1,,,1,,4,,,3,,2,,,1,,適時觀望
0,1991,6,14,14,C,1,,1,,1,2,2,4,2,1,,,,,,,,,,,,,,3,,3,,1,,,3,,5,,怕拿不出來,3,,1,,,5,,
1,1991,5,9,9,J,1,,5,,1,1,1,2,1,,,,,3,,,,,,,,2,,1,,3,,1,,,4,,4,,,4,,4,,,2,,
0,1965,2,14,14,U,1,,95,,4,4,4,4,2,2,,,,,,,,,,,,,,3,,3,,5,,,95,,4,,,2,,1,,,1,,
1,1958,1,14,14,W,1,,95,,4,4,4,4,2,4,,,,,,,,,,,,,,3,,4,,4,,,3,,4,,,4,,1,,,1,,
1,1990,6,5,5,V,1,,1,,4,4,1,2,1,,,,,,,,6,,,,,1,,1,,3,,1,,,1,,1,,,3,,2,,,2,,
1,1993,6,2,2,M,1,,5,,1,2,3,3,1,,,,,,,,,7,,,,91,,2,,2,,1,,,2,,1,,,3,,1,,,1,,
